"ts","temperature","humidity","windspeed"
2018-05-10 23:30:00,32,35,0
2018-05-10 23:30:00,32,35,0
2018-05-11 00:30:00,31,40,0
2018-05-11 00:30:00,31,40,0
2018-05-11 00:30:00,31,40,0
2018-05-11 00:30:00,31,40,0
2018-05-11 01:30:00,30,42,1
2018-05-11 01:30:00,30,42,1
2018-05-11 01:30:00,30,42,1
2018-05-11 01:30:00,30,42,1
2018-05-11 02:30:00,29,45,1
2018-05-11 02:30:00,29,45,1
2018-05-11 02:30:00,29,45,1
2018-05-11 02:30:00,29,45,1
2018-05-11 03:30:00,29,45,1
2018-05-11 03:30:00,29,45,1
2018-05-11 03:30:00,29,45,1
2018-05-11 03:30:00,29,45,1
2018-05-11 04:30:00,28,48,1
2018-05-11 04:30:00,28,48,1
2018-05-11 04:30:00,28,48,1
2018-05-11 04:30:00,28,48,1
2018-05-11 05:30:00,28,45,1
2018-05-11 05:30:00,28,45,1
2018-05-11 05:30:00,28,45,1
2018-05-11 05:30:00,28,45,1
2018-05-11 06:30:00,27,51,1
2018-05-11 06:30:00,27,51,1
2018-05-11 06:30:00,27,51,1
2018-05-11 06:30:00,27,51,1
2018-05-11 07:30:00,27,51,1
2018-05-11 07:30:00,27,51,1
2018-05-11 07:30:00,27,51,1
2018-05-11 07:30:00,27,51,1
2018-05-11 08:30:00,29,37,1
2018-05-11 08:30:00,29,37,1
2018-05-11 08:30:00,29,37,1
2018-05-11 08:30:00,29,37,1
2018-05-11 09:30:00,32,29,2
2018-05-11 09:30:00,32,29,2
2018-05-11 09:30:00,32,29,2
2018-05-11 09:30:00,32,29,2
2018-05-11 10:30:00,35,24,2
2018-05-11 10:30:00,35,24,2
2018-05-11 10:30:00,35,24,2
2018-05-11 10:30:00,35,24,2
2018-05-11 11:30:00,38,22,2
2018-05-11 11:30:00,38,22,2
2018-05-11 11:30:00,38,22,2
2018-05-11 11:30:00,38,22,2
2018-05-11 12:30:00,40,20,3
2018-05-11 12:30:00,40,20,3
2018-05-11 12:30:00,40,20,3
2018-05-11 12:30:00,40,20,3
2018-05-11 13:30:00,42,18,2
2018-05-11 13:30:00,42,18,2
2018-05-11 13:30:00,42,18,2
2018-05-11 13:30:00,42,18,2
2018-05-11 14:30:00,42,15,2
2018-05-11 14:30:00,42,15,2
2018-05-11 14:30:00,42,15,2
2018-05-11 14:30:00,42,15,2
2018-05-11 15:30:00,43,16,4
2018-05-11 15:30:00,43,16,4
2018-05-11 15:30:00,43,16,4
2018-05-11 15:30:00,43,16,4
2018-05-11 16:30:00,43,15,4
2018-05-11 16:30:00,43,15,4
2018-05-11 16:30:00,43,15,4
2018-05-11 16:30:00,43,15,4
2018-05-11 17:30:00,42,16,4
2018-05-11 17:30:00,42,16,4
2018-05-11 17:30:00,42,16,4
2018-05-11 17:30:00,42,16,4
2018-05-11 18:30:00,42,16,4
2018-05-11 18:30:00,42,16,4
2018-05-11 18:30:00,42,16,4
2018-05-11 18:30:00,42,16,4
2018-05-11 19:30:00,40,17,2
2018-05-11 19:30:00,40,17,2
2018-05-11 19:30:00,40,17,2
2018-05-11 19:30:00,40,17,2
2018-05-11 20:30:00,39,20,2
2018-05-11 20:30:00,39,20,2
2018-05-11 20:30:00,39,20,2
2018-05-11 20:30:00,39,20,2
2018-05-11 21:30:00,38,21,2
2018-05-11 21:30:00,38,21,2
2018-05-11 21:30:00,38,21,2
2018-05-11 21:30:00,38,21,2
2018-05-11 22:30:00,35,28,2
2018-05-11 22:30:00,35,28,2
2018-05-11 22:30:00,35,28,2
2018-05-11 22:30:00,35,28,2
2018-05-11 23:30:00,34,36,2
2018-05-11 23:30:00,34,36,2
2018-05-11 23:30:00,34,36,2
2018-05-11 23:30:00,34,36,2
2018-05-12 00:30:00,33,38,1
2018-05-12 00:30:00,33,38,1
2018-05-12 00:30:00,33,38,1
2018-05-12 00:30:00,33,38,1
2018-05-12 01:30:00,33,38,1
2018-05-12 01:30:00,33,38,1
2018-05-12 01:30:00,33,38,1
2018-05-12 01:30:00,33,38,1
2018-05-12 02:30:00,32,38,2
2018-05-12 02:30:00,32,38,2
2018-05-12 02:30:00,32,38,2
2018-05-12 02:30:00,32,38,2
2018-05-12 03:30:00,32,38,2
2018-05-12 03:30:00,32,38,2
2018-05-12 03:30:00,32,38,2
2018-05-12 03:30:00,32,38,2
2018-05-12 04:30:00,32,38,1
2018-05-12 04:30:00,32,38,1
2018-05-12 04:30:00,32,38,1
2018-05-12 04:30:00,32,38,1
2018-05-12 05:30:00,31,40,1
2018-05-12 05:30:00,31,40,1
2018-05-12 05:30:00,31,40,1
2018-05-12 05:30:00,31,40,1
2018-05-12 06:30:00,31,40,1
2018-05-12 06:30:00,31,40,1
2018-05-12 06:30:00,31,40,1
2018-05-12 06:30:00,31,40,1
2018-05-12 07:30:00,31,40,1
2018-05-12 07:30:00,31,40,1
2018-05-12 07:30:00,31,40,1
2018-05-12 07:30:00,31,40,1
2018-05-12 08:30:00,33,36,1
2018-05-12 08:30:00,33,36,1
2018-05-12 08:30:00,33,36,1
2018-05-12 08:30:00,33,36,1
2018-05-12 09:30:00,35,32,2
2018-05-12 09:30:00,35,32,2
2018-05-12 09:30:00,35,32,2
2018-05-12 09:30:00,35,32,2
2018-05-12 10:30:00,36,30,2
2018-05-12 10:30:00,36,30,2
2018-05-12 10:30:00,36,30,2
2018-05-12 10:30:00,36,30,2
2018-05-12 11:30:00,39,24,2
2018-05-12 11:30:00,39,24,2
2018-05-12 11:30:00,39,24,2
2018-05-12 11:30:00,39,24,2
2018-05-12 12:30:00,40,19,3
2018-05-12 12:30:00,40,19,3
2018-05-12 12:30:00,40,19,3
2018-05-12 12:30:00,40,19,3
2018-05-12 13:30:00,40,21,3
2018-05-12 13:30:00,40,21,3
2018-05-12 13:30:00,40,21,3
2018-05-12 13:30:00,40,21,3
2018-05-12 14:30:00,41,20,4
2018-05-12 14:30:00,41,20,4
2018-05-12 14:30:00,41,20,4
2018-05-12 14:30:00,41,20,4
2018-05-12 15:30:00,41,24,4
2018-05-12 15:30:00,41,24,4
2018-05-12 15:30:00,41,24,4
2018-05-12 15:30:00,41,24,4
2018-05-12 16:30:00,41,24,4
2018-05-12 16:30:00,41,24,4
2018-05-12 16:30:00,41,24,4
2018-05-12 16:30:00,41,24,4
2018-05-12 17:30:00,38,25,12
2018-05-12 17:30:00,38,25,12
2018-05-12 17:30:00,38,25,12
2018-05-12 17:30:00,38,25,12
2018-05-12 18:30:00,39,31,3
2018-05-12 18:30:00,39,31,3
2018-05-12 18:30:00,39,31,3
2018-05-12 18:30:00,39,31,3
2018-05-12 19:30:00,37,35,3
2018-05-12 19:30:00,37,35,3
2018-05-12 19:30:00,37,35,3
2018-05-12 19:30:00,37,35,3
2018-05-12 20:30:00,37,35,3
2018-05-12 20:30:00,37,35,3
2018-05-12 20:30:00,37,35,3
2018-05-12 20:30:00,37,35,3
2018-05-12 21:30:00,35,41,4
2018-05-12 21:30:00,35,41,4
2018-05-12 21:30:00,35,41,4
2018-05-12 21:30:00,35,41,4
2018-05-12 22:30:00,34,46,3
2018-05-12 22:30:00,34,46,3
2018-05-12 22:30:00,34,46,3
2018-05-12 22:30:00,34,46,3
2018-05-12 23:30:00,33,52,2
2018-05-12 23:30:00,33,52,2
2018-05-12 23:30:00,33,52,2
2018-05-12 23:30:00,33,52,2
2018-05-13 00:30:00,33,49,2
2018-05-13 00:30:00,33,49,2
2018-05-13 00:30:00,33,49,2
2018-05-13 00:30:00,33,49,2
2018-05-13 01:30:00,32,55,4
2018-05-13 01:30:00,32,55,4
2018-05-13 01:30:00,32,55,4
2018-05-13 01:30:00,32,55,4
2018-05-13 02:30:00,32,55,4
2018-05-13 02:30:00,32,55,4
2018-05-13 02:30:00,32,55,4
2018-05-13 02:30:00,32,55,4
2018-05-13 03:30:00,32,55,4
2018-05-13 03:30:00,32,55,4
2018-05-13 03:30:00,32,55,4
2018-05-13 03:30:00,32,55,4
2018-05-13 04:30:00,32,55,4
2018-05-13 04:30:00,32,55,4
2018-05-13 04:30:00,32,55,4
2018-05-13 04:30:00,32,55,4
2018-05-13 05:30:00,31,58,3
2018-05-13 05:30:00,31,58,3
2018-05-13 05:30:00,31,58,3
2018-05-13 05:30:00,31,58,3
2018-05-13 06:30:00,31,58,2
2018-05-13 06:30:00,31,58,2
2018-05-13 06:30:00,31,58,2
2018-05-13 06:30:00,31,58,2
2018-05-13 07:30:00,31,52,5
2018-05-13 07:30:00,31,52,5
2018-05-13 07:30:00,31,52,5
2018-05-13 07:30:00,31,52,5
2018-05-13 08:30:00,32,52,2
2018-05-13 08:30:00,32,52,2
2018-05-13 08:30:00,32,52,2
2018-05-13 08:30:00,32,52,2
2018-05-13 09:30:00,32,55,2
2018-05-13 09:30:00,32,55,2
2018-05-13 09:30:00,32,55,2
2018-05-13 09:30:00,32,55,2
2018-05-13 10:30:00,34,49,5
2018-05-13 10:30:00,34,49,5
2018-05-13 10:30:00,34,49,5
2018-05-13 10:30:00,34,49,5
2018-05-13 11:30:00,35,44,4
2018-05-13 11:30:00,35,44,4
2018-05-13 11:30:00,35,44,4
2018-05-13 11:30:00,35,44,4
2018-05-13 12:30:00,37,39,4
2018-05-13 12:30:00,37,39,4
2018-05-13 12:30:00,37,39,4
2018-05-13 12:30:00,37,39,4
2018-05-13 13:30:00,38,37,4
2018-05-13 13:30:00,38,37,4
2018-05-13 13:30:00,38,37,4
2018-05-13 13:30:00,38,37,4
2018-05-13 14:30:00,39,35,4
2018-05-13 14:30:00,39,35,4
2018-05-13 14:30:00,39,35,4
2018-05-13 14:30:00,39,35,4
2018-05-13 15:30:00,40,35,3
2018-05-13 15:30:00,40,35,3
2018-05-13 15:30:00,40,35,3
2018-05-13 15:30:00,40,35,3
2018-05-13 16:30:00,39,35,4
2018-05-13 16:30:00,39,35,4
2018-05-13 16:30:00,39,35,4
2018-05-13 16:30:00,39,35,4
2018-05-13 17:30:00,39,35,4
2018-05-13 17:30:00,39,35,4
2018-05-13 17:30:00,39,35,4
2018-05-13 17:30:00,39,35,4
2018-05-13 18:30:00,26,57,5
2018-05-13 18:30:00,26,57,5
2018-05-13 18:30:00,26,57,5
2018-05-13 18:30:00,26,57,5
2018-05-13 19:30:00,32,22,7
2018-05-13 19:30:00,32,22,7
2018-05-13 19:30:00,32,22,7
2018-05-13 19:30:00,32,22,7
2018-05-13 20:30:00,32,24,5
2018-05-13 20:30:00,32,24,5
2018-05-13 20:30:00,32,24,5
2018-05-13 20:30:00,32,24,5
2018-05-13 21:30:00,26,57,7
2018-05-13 21:30:00,26,57,7
2018-05-13 21:30:00,26,57,7
2018-05-13 21:30:00,26,57,7
2018-05-13 22:30:00,25,53,7
2018-05-13 22:30:00,25,53,7
2018-05-13 22:30:00,25,53,7
2018-05-13 22:30:00,25,53,7
2018-05-13 23:30:00,25,50,5
2018-05-13 23:30:00,25,50,5
2018-05-13 23:30:00,25,50,5
2018-05-13 23:30:00,25,50,5
2018-05-14 00:30:00,26,44,2
2018-05-14 00:30:00,26,44,2
2018-05-14 00:30:00,26,44,2
2018-05-14 00:30:00,26,44,2
2018-05-14 01:30:00,26,44,3
2018-05-14 01:30:00,26,44,3
2018-05-14 01:30:00,26,44,3
2018-05-14 01:30:00,26,44,3
2018-05-14 02:30:00,24,57,2
2018-05-14 02:30:00,24,57,2
2018-05-14 02:30:00,24,57,2
2018-05-14 02:30:00,24,57,2
2018-05-14 03:30:00,24,64,2
2018-05-14 03:30:00,24,64,2
2018-05-14 03:30:00,24,64,2
2018-05-14 03:30:00,24,64,2
2018-05-14 04:30:00,23,69,2
2018-05-14 04:30:00,23,69,2
2018-05-14 04:30:00,23,69,2
2018-05-14 04:30:00,23,69,2
2018-05-14 05:30:00,23,69,2
2018-05-14 05:30:00,23,69,2
2018-05-14 05:30:00,23,69,2
2018-05-14 05:30:00,23,69,2
2018-05-14 06:30:00,24,60,2
2018-05-14 06:30:00,24,60,2
2018-05-14 06:30:00,24,60,2
2018-05-14 06:30:00,24,60,2
2018-05-14 07:30:00,25,57,1
2018-05-14 07:30:00,25,57,1
2018-05-14 07:30:00,25,57,1
2018-05-14 07:30:00,25,57,1
2018-05-14 08:30:00,25,57,3
2018-05-14 08:30:00,25,57,3
2018-05-14 08:30:00,25,57,3
2018-05-14 08:30:00,25,57,3
2018-05-14 09:30:00,27,51,3
2018-05-14 09:30:00,27,51,3
2018-05-14 09:30:00,27,51,3
2018-05-14 09:30:00,27,51,3
2018-05-14 10:30:00,29,45,2
2018-05-14 10:30:00,29,45,2
2018-05-14 10:30:00,29,45,2
2018-05-14 10:30:00,29,45,2
2018-05-14 11:30:00,31,40,2
2018-05-14 11:30:00,31,40,2
2018-05-14 11:30:00,31,40,2
2018-05-14 11:30:00,31,40,2
2018-05-14 12:30:00,32,35,3
2018-05-14 12:30:00,32,35,3
2018-05-14 12:30:00,32,35,3
2018-05-14 12:30:00,32,35,3
2018-05-14 13:30:00,35,32,3
2018-05-14 13:30:00,35,32,3
2018-05-14 13:30:00,35,32,3
2018-05-14 13:30:00,35,32,3
2018-05-14 14:30:00,35,32,3
2018-05-14 14:30:00,35,32,3
2018-05-14 14:30:00,35,32,3
2018-05-14 14:30:00,35,32,3
2018-05-14 15:30:00,36,34,3
2018-05-14 15:30:00,36,34,3
2018-05-14 15:30:00,36,34,3
2018-05-14 15:30:00,36,34,3
2018-05-14 16:30:00,36,37,3
2018-05-14 16:30:00,36,37,3
2018-05-14 16:30:00,36,37,3
2018-05-14 16:30:00,36,37,3
2018-05-14 17:30:00,36,34,4
2018-05-14 17:30:00,36,34,4
2018-05-14 17:30:00,36,34,4
2018-05-14 17:30:00,36,34,4
2018-05-14 18:30:00,35,36,4
2018-05-14 18:30:00,35,36,4
2018-05-14 18:30:00,35,36,4
2018-05-14 18:30:00,35,36,4
2018-05-14 19:30:00,34,38,3
2018-05-14 19:30:00,34,38,3
2018-05-14 19:30:00,34,38,3
2018-05-14 19:30:00,34,38,3
2018-05-14 20:30:00,33,41,4
2018-05-14 20:30:00,33,41,4
2018-05-14 20:30:00,33,41,4
2018-05-14 20:30:00,33,41,4
2018-05-14 21:30:00,32,40,3
2018-05-14 21:30:00,32,40,3
2018-05-14 21:30:00,32,40,3
2018-05-14 21:30:00,32,40,3
2018-05-14 22:30:00,31,43,3
2018-05-14 22:30:00,31,43,3
2018-05-14 22:30:00,31,43,3
2018-05-14 22:30:00,31,43,3
2018-05-14 23:30:00,31,45,3
2018-05-14 23:30:00,31,45,3
2018-05-14 23:30:00,31,45,3
2018-05-14 23:30:00,31,45,3
2018-05-15 00:30:00,29,51,3
2018-05-15 00:30:00,29,51,3
2018-05-15 00:30:00,29,51,3
2018-05-15 00:30:00,29,51,3
2018-05-15 01:30:00,29,54,2
2018-05-15 01:30:00,29,54,2
2018-05-15 01:30:00,29,54,2
2018-05-15 01:30:00,29,54,2
2018-05-15 02:30:00,28,58,2
2018-05-15 02:30:00,28,58,2
2018-05-15 02:30:00,28,58,2
2018-05-15 02:30:00,28,58,2
2018-05-15 03:30:00,28,58,2
2018-05-15 03:30:00,28,58,2
2018-05-15 03:30:00,28,58,2
2018-05-15 03:30:00,28,58,2
2018-05-15 04:30:00,28,54,3
2018-05-15 04:30:00,28,54,3
2018-05-15 04:30:00,28,54,3
2018-05-15 04:30:00,28,54,3
2018-05-15 05:30:00,27,57,2
2018-05-15 05:30:00,27,57,2
2018-05-15 05:30:00,27,57,2
2018-05-15 05:30:00,27,57,2
2018-05-15 06:30:00,27,57,2
2018-05-15 06:30:00,27,57,2
2018-05-15 06:30:00,27,57,2
2018-05-15 06:30:00,27,57,2
2018-05-15 07:30:00,28,54,3
2018-05-15 07:30:00,28,54,3
2018-05-15 07:30:00,28,54,3
2018-05-15 07:30:00,28,54,3
2018-05-15 08:30:00,28,54,4
2018-05-15 08:30:00,28,54,4
2018-05-15 08:30:00,28,54,4
2018-05-15 08:30:00,28,54,4
2018-05-15 09:30:00,29,42,3
2018-05-15 09:30:00,29,42,3
2018-05-15 09:30:00,29,42,3
2018-05-15 09:30:00,29,42,3
2018-05-15 10:30:00,30,48,4
2018-05-15 10:30:00,30,48,4
2018-05-15 10:30:00,30,48,4
2018-05-15 10:30:00,30,48,4
2018-05-15 11:30:00,32,49,5
2018-05-15 11:30:00,32,49,5
2018-05-15 11:30:00,32,49,5
2018-05-15 11:30:00,32,49,5
2018-05-15 12:30:00,34,46,5
2018-05-15 12:30:00,34,46,5
2018-05-15 12:30:00,34,46,5
2018-05-15 12:30:00,34,46,5
2018-05-15 13:30:00,36,39,4
2018-05-15 13:30:00,36,39,4
2018-05-15 13:30:00,36,39,4
2018-05-15 13:30:00,36,39,4
2018-05-15 14:30:00,36,39,4
2018-05-15 14:30:00,36,39,4
2018-05-15 14:30:00,36,39,4
2018-05-15 14:30:00,36,39,4
2018-05-15 15:30:00,37,37,3
2018-05-15 15:30:00,37,37,3
2018-05-15 15:30:00,37,37,3
2018-05-15 15:30:00,37,37,3
2018-05-15 16:30:00,37,37,4
2018-05-15 16:30:00,37,37,4
2018-05-15 16:30:00,37,37,4
2018-05-15 16:30:00,37,37,4
2018-05-15 17:30:00,36,39,3
2018-05-15 17:30:00,36,39,3
2018-05-15 17:30:00,36,39,3
2018-05-15 17:30:00,36,39,3
2018-05-15 18:30:00,36,39,3
2018-05-15 18:30:00,36,39,3
2018-05-15 18:30:00,36,39,3
2018-05-15 18:30:00,36,39,3
2018-05-15 19:30:00,36,37,2
2018-05-15 19:30:00,36,37,2
2018-05-15 19:30:00,36,37,2
2018-05-15 19:30:00,36,37,2
2018-05-15 20:30:00,35,39,2
2018-05-15 20:30:00,35,39,2
2018-05-15 20:30:00,35,39,2
2018-05-15 20:30:00,35,39,2
2018-05-15 21:30:00,34,41,2
2018-05-15 21:30:00,34,41,2
2018-05-15 21:30:00,34,41,2
2018-05-15 21:30:00,34,41,2
2018-05-15 22:30:00,33,43,2
2018-05-15 22:30:00,33,43,2
2018-05-15 22:30:00,33,43,2
2018-05-15 22:30:00,33,43,2
2018-05-15 23:30:00,33,46,2
2018-05-15 23:30:00,33,46,2
2018-05-15 23:30:00,33,46,2
2018-05-15 23:30:00,33,46,2
2018-05-16 00:30:00,32,49,2
2018-05-16 00:30:00,32,49,2
2018-05-16 00:30:00,32,49,2
2018-05-16 00:30:00,32,49,2
2018-05-16 01:30:00,32,49,1
2018-05-16 01:30:00,32,49,1
2018-05-16 01:30:00,32,49,1
2018-05-16 01:30:00,32,49,1
2018-05-16 02:30:00,32,49,2
2018-05-16 02:30:00,32,49,2
2018-05-16 02:30:00,32,49,2
2018-05-16 02:30:00,32,49,2
2018-05-16 03:30:00,29,54,15
2018-05-16 03:30:00,29,54,15
2018-05-16 03:30:00,29,54,15
2018-05-16 03:30:00,29,54,15
2018-05-16 04:30:00,26,57,5
2018-05-16 04:30:00,26,57,5
2018-05-16 04:30:00,26,57,5
2018-05-16 04:30:00,26,57,5
2018-05-16 05:30:00,28,48,3
2018-05-16 05:30:00,28,48,3
2018-05-16 05:30:00,28,48,3
2018-05-16 05:30:00,28,48,3
2018-05-16 06:30:00,29,39,4
2018-05-16 06:30:00,29,39,4
2018-05-16 06:30:00,29,39,4
2018-05-16 06:30:00,29,39,4
2018-05-16 07:30:00,29,39,2
2018-05-16 07:30:00,29,39,2
2018-05-16 07:30:00,29,39,2
2018-05-16 07:30:00,29,39,2
2018-05-16 08:30:00,30,37,2
2018-05-16 08:30:00,30,37,2
2018-05-16 08:30:00,30,37,2
2018-05-16 08:30:00,30,37,2
2018-05-16 09:30:00,32,33,1
2018-05-16 09:30:00,32,33,1
2018-05-16 09:30:00,32,33,1
2018-05-16 09:30:00,32,33,1
2018-05-16 10:30:00,34,30,3
2018-05-16 10:30:00,34,30,3
2018-05-16 10:30:00,34,30,3
2018-05-16 10:30:00,34,30,3
2018-05-16 11:30:00,35,28,3
2018-05-16 11:30:00,35,28,3
2018-05-16 11:30:00,35,28,3
2018-05-16 11:30:00,35,28,3
2018-05-16 12:30:00,37,22,3
2018-05-16 12:30:00,37,22,3
2018-05-16 12:30:00,37,22,3
2018-05-16 12:30:00,37,22,3
2018-05-16 13:30:00,40,19,3
2018-05-16 13:30:00,40,19,3
2018-05-16 13:30:00,40,19,3
2018-05-16 13:30:00,40,19,3
2018-05-16 14:30:00,41,16,5
2018-05-16 14:30:00,41,16,5
2018-05-16 14:30:00,41,16,5
2018-05-16 14:30:00,41,16,5
2018-05-16 15:30:00,41,18,5
2018-05-16 15:30:00,41,18,5
2018-05-16 15:30:00,41,18,5
2018-05-16 15:30:00,41,18,5
2018-05-16 16:30:00,41,16,6
2018-05-16 16:30:00,41,16,6
2018-05-16 16:30:00,41,16,6
2018-05-16 16:30:00,41,16,6
2018-05-16 17:30:00,41,18,5
2018-05-16 17:30:00,41,18,5
2018-05-16 17:30:00,41,18,5
2018-05-16 17:30:00,41,18,5
2018-05-16 18:30:00,40,17,5
2018-05-16 18:30:00,40,17,5
2018-05-16 18:30:00,40,17,5
2018-05-16 18:30:00,40,17,5
2018-05-16 19:30:00,38,21,4
2018-05-16 19:30:00,38,21,4
2018-05-16 19:30:00,38,21,4
2018-05-16 19:30:00,38,21,4
2018-05-16 20:30:00,38,22,3
2018-05-16 20:30:00,38,22,3
2018-05-16 20:30:00,38,22,3
2018-05-16 20:30:00,38,22,3
2018-05-16 21:30:00,37,25,3
2018-05-16 21:30:00,37,25,3
2018-05-16 21:30:00,37,25,3
2018-05-16 21:30:00,37,25,3
2018-05-16 22:30:00,36,26,3
2018-05-16 22:30:00,36,26,3
2018-05-16 22:30:00,36,26,3
2018-05-16 22:30:00,36,26,3
2018-05-16 23:30:00,36,28,4
2018-05-16 23:30:00,36,28,4
2018-05-16 23:30:00,36,28,4
2018-05-16 23:30:00,36,28,4
2018-05-17 00:30:00,35,30,4
2018-05-17 00:30:00,35,30,4
2018-05-17 00:30:00,35,30,4
2018-05-17 00:30:00,35,30,4
2018-05-17 01:30:00,34,32,2
2018-05-17 01:30:00,34,32,2
2018-05-17 01:30:00,34,32,2
2018-05-17 01:30:00,34,32,2
2018-05-17 02:30:00,33,33,1
2018-05-17 02:30:00,33,33,1
2018-05-17 02:30:00,33,33,1
2018-05-17 02:30:00,33,33,1
2018-05-17 03:30:00,33,33,3
2018-05-17 03:30:00,33,33,3
2018-05-17 03:30:00,33,33,3
2018-05-17 03:30:00,33,33,3
2018-05-17 04:30:00,32,35,2
2018-05-17 04:30:00,32,35,2
2018-05-17 04:30:00,32,35,2
2018-05-17 04:30:00,32,35,2
2018-05-17 05:30:00,32,33,1
2018-05-17 05:30:00,32,33,1
2018-05-17 05:30:00,32,33,1
2018-05-17 05:30:00,32,33,1
2018-05-17 06:30:00,31,35,1
2018-05-17 06:30:00,31,35,1
2018-05-17 06:30:00,31,35,1
2018-05-17 06:30:00,31,35,1
2018-05-17 07:30:00,31,35,2
2018-05-17 07:30:00,31,35,2
2018-05-17 07:30:00,31,35,2
2018-05-17 07:30:00,31,35,2
2018-05-17 08:30:00,32,33,2
2018-05-17 08:30:00,32,33,2
2018-05-17 08:30:00,32,33,2
2018-05-17 08:30:00,32,33,2
2018-05-17 09:30:00,34,24,2
2018-05-17 09:30:00,34,24,2
2018-05-17 09:30:00,34,24,2
2018-05-17 09:30:00,34,24,2
2018-05-17 10:30:00,35,23,2
2018-05-17 10:30:00,35,23,2
2018-05-17 10:30:00,35,23,2
2018-05-17 10:30:00,35,23,2
2018-05-17 11:30:00,37,19,2
2018-05-17 11:30:00,37,19,2
2018-05-17 11:30:00,37,19,2
2018-05-17 11:30:00,37,19,2
2018-05-17 12:30:00,39,14,2
2018-05-17 12:30:00,39,14,2
2018-05-17 12:30:00,39,14,2
2018-05-17 12:30:00,39,14,2
2018-05-17 13:30:00,41,12,2
2018-05-17 13:30:00,41,12,2
2018-05-17 13:30:00,41,12,2
2018-05-17 13:30:00,41,12,2
2018-05-17 14:30:00,41,12,3
2018-05-17 14:30:00,41,12,3
2018-05-17 14:30:00,41,12,3
2018-05-17 14:30:00,41,12,3
2018-05-17 15:30:00,42,12,3
2018-05-17 15:30:00,42,12,3
2018-05-17 15:30:00,42,12,3
2018-05-17 15:30:00,42,12,3
2018-05-17 16:30:00,42,11,3
2018-05-17 16:30:00,42,11,3
2018-05-17 16:30:00,42,11,3
2018-05-17 16:30:00,42,11,3
2018-05-17 17:30:00,42,12,3
2018-05-17 17:30:00,42,12,3
2018-05-17 17:30:00,42,12,3
2018-05-17 17:30:00,42,12,3
2018-05-17 18:30:00,41,13,3
2018-05-17 18:30:00,41,13,3
2018-05-17 18:30:00,41,13,3
2018-05-17 18:30:00,41,13,3
2018-05-17 19:30:00,37,19,7
2018-05-17 19:30:00,37,19,7
2018-05-17 19:30:00,37,19,7
2018-05-17 19:30:00,37,19,7
2018-05-17 20:30:00,34,26,5
2018-05-17 20:30:00,34,26,5
2018-05-17 20:30:00,34,26,5
2018-05-17 20:30:00,34,26,5
2018-05-17 21:30:00,35,21,5
2018-05-17 21:30:00,35,21,5
2018-05-17 21:30:00,35,21,5
2018-05-17 21:30:00,35,21,5
2018-05-17 22:30:00,35,24,2
2018-05-17 22:30:00,35,24,2
2018-05-17 22:30:00,35,24,2
2018-05-17 22:30:00,35,24,2
2018-05-17 23:30:00,35,24,2
2018-05-17 23:30:00,35,24,2
2018-05-17 23:30:00,35,24,2
2018-05-17 23:30:00,35,24,2
2018-05-18 00:30:00,34,26,1
2018-05-18 00:30:00,34,26,1
2018-05-18 00:30:00,34,26,1
2018-05-18 00:30:00,34,26,1
2018-05-18 01:30:00,33,27,1
2018-05-18 01:30:00,33,27,1
2018-05-18 01:30:00,33,27,1
2018-05-18 01:30:00,33,27,1
2018-05-18 02:30:00,32,29,2
2018-05-18 02:30:00,32,29,2
2018-05-18 02:30:00,32,29,2
2018-05-18 02:30:00,32,29,2
2018-05-18 03:30:00,30,37,2
2018-05-18 03:30:00,30,37,2
2018-05-18 03:30:00,30,37,2
2018-05-18 03:30:00,30,37,2
2018-05-18 04:30:00,30,37,2
2018-05-18 04:30:00,30,37,2
2018-05-18 04:30:00,30,37,2
2018-05-18 04:30:00,30,37,2
2018-05-18 05:30:00,31,35,2
2018-05-18 05:30:00,31,35,2
2018-05-18 05:30:00,31,35,2
2018-05-18 05:30:00,31,35,2
2018-05-18 06:30:00,30,35,2
2018-05-18 06:30:00,30,35,2
2018-05-18 06:30:00,30,35,2
2018-05-18 06:30:00,30,35,2
2018-05-18 07:30:00,30,35,2
2018-05-18 07:30:00,30,35,2
2018-05-18 07:30:00,30,35,2
2018-05-18 07:30:00,30,35,2
2018-05-18 08:30:00,31,35,2
2018-05-18 08:30:00,31,35,2
2018-05-18 08:30:00,31,35,2
2018-05-18 08:30:00,31,35,2
2018-05-18 09:30:00,32,33,2
2018-05-18 09:30:00,32,33,2
2018-05-18 09:30:00,32,33,2
2018-05-18 09:30:00,32,33,2
2018-05-18 10:30:00,38.154,34,3
2018-05-18 10:30:00,38.154,34,3
2018-05-18 10:30:00,38.154,34,3
2018-05-18 10:30:00,38.154,34,3
2018-05-18 11:30:00,38.154,34,3
2018-05-18 11:30:00,38.154,34,3
2018-05-18 11:30:00,38.154,34,3
2018-05-18 11:30:00,38.154,34,3
2018-05-18 12:30:00,36,23,4
2018-05-18 12:30:00,36,23,4
2018-05-18 12:30:00,36,23,4
2018-05-18 12:30:00,36,23,4
2018-05-18 13:30:00,38,19,4
2018-05-18 13:30:00,38,19,4
2018-05-18 13:30:00,38,19,4
2018-05-18 13:30:00,38,19,4
2018-05-18 14:30:00,39,18,4
2018-05-18 14:30:00,39,18,4
2018-05-18 14:30:00,39,18,4
2018-05-18 14:30:00,39,18,4
2018-05-18 15:30:00,38.781,33,2
2018-05-18 15:30:00,38.781,33,2
2018-05-18 15:30:00,38.781,33,2
2018-05-18 15:30:00,38.781,33,2
2018-05-18 16:30:00,40,16,3
2018-05-18 16:30:00,40,16,3
2018-05-18 16:30:00,40,16,3
2018-05-18 16:30:00,40,16,3
2018-05-18 17:30:00,40,17,3
2018-05-18 17:30:00,40,17,3
2018-05-18 17:30:00,40,17,3
2018-05-18 17:30:00,40,17,3
2018-05-18 18:30:00,41,16,3
2018-05-18 18:30:00,41,16,3
2018-05-18 18:30:00,41,16,3
2018-05-18 18:30:00,41,16,3
2018-05-18 19:30:00,39,20,3
2018-05-18 19:30:00,39,20,3
2018-05-18 19:30:00,39,20,3
2018-05-18 19:30:00,39,20,3
2018-05-18 20:30:00,36,26,3
2018-05-18 20:30:00,36,26,3
2018-05-18 20:30:00,36,26,3
2018-05-18 20:30:00,36,26,3
2018-05-18 21:30:00,35,32,2
2018-05-18 21:30:00,35,32,2
2018-05-18 21:30:00,35,32,2
2018-05-18 21:30:00,35,32,2
2018-05-18 22:30:00,34,36,2
2018-05-18 22:30:00,34,36,2
2018-05-18 22:30:00,34,36,2
2018-05-18 22:30:00,34,36,2
2018-05-18 23:30:00,33,38,2
2018-05-18 23:30:00,33,38,2
2018-05-18 23:30:00,33,38,2
2018-05-18 23:30:00,33,38,2
2018-05-19 00:30:00,33,38,2
2018-05-19 00:30:00,33,38,2
2018-05-19 00:30:00,33,38,2
2018-05-19 00:30:00,33,38,2
2018-05-19 01:30:00,32,43,1
2018-05-19 01:30:00,32,43,1
2018-05-19 01:30:00,32,43,1
2018-05-19 01:30:00,32,43,1
2018-05-19 02:30:00,32,40,1
2018-05-19 02:30:00,32,40,1
2018-05-19 02:30:00,32,40,1
2018-05-19 02:30:00,32,40,1
2018-05-19 03:30:00,31,40,1
2018-05-19 03:30:00,31,40,1
2018-05-19 03:30:00,31,40,1
2018-05-19 03:30:00,31,40,1
2018-05-19 04:30:00,31,40,1
2018-05-19 04:30:00,31,40,1
2018-05-19 04:30:00,31,40,1
2018-05-19 04:30:00,31,40,1
2018-05-19 05:30:00,31,43,1
2018-05-19 05:30:00,31,43,1
2018-05-19 05:30:00,31,43,1
2018-05-19 05:30:00,31,43,1
2018-05-19 06:30:00,30,48,1
2018-05-19 06:30:00,30,48,1
2018-05-19 06:30:00,30,48,1
2018-05-19 06:30:00,30,48,1
2018-05-19 07:30:00,30,48,2
2018-05-19 07:30:00,30,48,2
2018-05-19 07:30:00,30,48,2
2018-05-19 07:30:00,30,48,2
2018-05-19 08:30:00,32,43,1
2018-05-19 08:30:00,32,43,1
2018-05-19 08:30:00,32,43,1
2018-05-19 08:30:00,32,43,1
2018-05-19 09:30:00,34,36,3
2018-05-19 09:30:00,34,36,3
2018-05-19 09:30:00,34,36,3
2018-05-19 09:30:00,34,36,3
2018-05-19 10:30:00,36,28,2
2018-05-19 10:30:00,36,28,2
2018-05-19 10:30:00,36,28,2
2018-05-19 10:30:00,36,28,2
2018-05-19 11:30:00,38,25,2
2018-05-19 11:30:00,38,25,2
2018-05-19 11:30:00,38,25,2
2018-05-19 11:30:00,38,25,2
2018-05-19 12:30:00,40,21,2
2018-05-19 12:30:00,40,21,2
2018-05-19 12:30:00,40,21,2
2018-05-19 12:30:00,40,21,2
2018-05-19 13:30:00,41,19,2
2018-05-19 13:30:00,41,19,2
2018-05-19 13:30:00,41,19,2
2018-05-19 13:30:00,41,19,2
2018-05-19 14:30:00,42,17,3
2018-05-19 14:30:00,42,17,3
2018-05-19 14:30:00,42,17,3
2018-05-19 14:30:00,42,17,3
2018-05-19 15:30:00,42,17,4
2018-05-19 15:30:00,42,17,4
2018-05-19 15:30:00,42,17,4
2018-05-19 15:30:00,42,17,4
2018-05-19 16:30:00,42,17,4
2018-05-19 16:30:00,42,17,4
2018-05-19 16:30:00,42,17,4
2018-05-19 16:30:00,42,17,4
2018-05-19 17:30:00,35,32,5
2018-05-19 17:30:00,35,32,5
2018-05-19 17:30:00,35,32,5
2018-05-19 17:30:00,35,32,5
2018-05-19 18:30:00,36,26,2
2018-05-19 18:30:00,36,26,2
2018-05-19 18:30:00,36,26,2
2018-05-19 18:30:00,36,26,2
2018-05-19 19:30:00,36,26,4
2018-05-19 19:30:00,36,26,4
2018-05-19 19:30:00,36,26,4
2018-05-19 19:30:00,36,26,4
2018-05-19 20:30:00,35,28,2
2018-05-19 20:30:00,35,28,2
2018-05-19 20:30:00,35,28,2
2018-05-19 20:30:00,35,28,2
2018-05-19 21:30:00,34,30,3
2018-05-19 21:30:00,34,30,3
2018-05-19 21:30:00,34,30,3
2018-05-19 21:30:00,34,30,3
2018-05-19 22:30:00,33,31,2
2018-05-19 22:30:00,33,31,2
2018-05-19 22:30:00,33,31,2
2018-05-19 22:30:00,33,31,2
2018-05-19 23:30:00,32,33,2
2018-05-19 23:30:00,32,33,2
2018-05-19 23:30:00,32,33,2
2018-05-19 23:30:00,32,33,2
2018-05-20 00:30:00,31,38,2
2018-05-20 00:30:00,31,38,2
2018-05-20 00:30:00,31,38,2
2018-05-20 00:30:00,31,38,2
2018-05-20 01:30:00,30,42,2
2018-05-20 01:30:00,30,42,2
2018-05-20 01:30:00,30,42,2
2018-05-20 01:30:00,30,42,2
2018-05-20 02:30:00,30,42,1
2018-05-20 02:30:00,30,42,1
2018-05-20 02:30:00,30,42,1
2018-05-20 02:30:00,30,42,1
2018-05-20 03:30:00,29,45,2
2018-05-20 03:30:00,29,45,2
2018-05-20 03:30:00,29,45,2
2018-05-20 03:30:00,29,45,2
2018-05-20 04:30:00,29,45,2
2018-05-20 04:30:00,29,45,2
2018-05-20 04:30:00,29,45,2
2018-05-20 04:30:00,29,45,2
2018-05-20 05:30:00,27.323,57,1
2018-05-20 05:30:00,27.323,57,1
2018-05-20 05:30:00,27.323,57,1
2018-05-20 05:30:00,27.323,57,1
2018-05-20 06:30:00,30,30,2
2018-05-20 06:30:00,30,30,2
2018-05-20 06:30:00,30,30,2
2018-05-20 06:30:00,30,30,2
2018-05-20 07:30:00,30,33,1
2018-05-20 07:30:00,30,33,1
2018-05-20 07:30:00,30,33,1
2018-05-20 07:30:00,30,33,1
2018-05-20 08:30:00,30,33,1
2018-05-20 08:30:00,30,33,1
2018-05-20 08:30:00,30,33,1
2018-05-20 08:30:00,30,33,1
2018-05-20 09:30:00,33,31,2
2018-05-20 09:30:00,33,31,2
2018-05-20 09:30:00,33,31,2
2018-05-20 09:30:00,33,31,2
2018-05-20 10:30:00,37,23,2
2018-05-20 10:30:00,37,23,2
2018-05-20 10:30:00,37,23,2
2018-05-20 10:30:00,37,23,2
2018-05-20 11:30:00,38,19,4
2018-05-20 11:30:00,38,19,4
2018-05-20 11:30:00,38,19,4
2018-05-20 11:30:00,38,19,4
2018-05-20 12:30:00,39,18,5
2018-05-20 12:30:00,39,18,5
2018-05-20 12:30:00,39,18,5
2018-05-20 12:30:00,39,18,5
2018-05-20 13:30:00,40,16,4
2018-05-20 13:30:00,40,16,4
2018-05-20 13:30:00,40,16,4
2018-05-20 13:30:00,40,16,4
2018-05-20 14:30:00,40,14,2
2018-05-20 14:30:00,40,14,2
2018-05-20 14:30:00,40,14,2
2018-05-20 14:30:00,40,14,2
2018-05-20 15:30:00,41,12,4
2018-05-20 15:30:00,41,12,4
2018-05-20 15:30:00,41,12,4
2018-05-20 15:30:00,41,12,4
2018-05-20 16:30:00,41,10,4
2018-05-20 16:30:00,41,10,4
2018-05-20 16:30:00,41,10,4
2018-05-20 16:30:00,41,10,4
2018-05-20 17:30:00,42,9,3
2018-05-20 17:30:00,42,9,3
2018-05-20 17:30:00,42,9,3
2018-05-20 17:30:00,42,9,3
2018-05-20 18:30:00,41,10,3
2018-05-20 18:30:00,41,10,3
2018-05-20 18:30:00,41,10,3
2018-05-20 18:30:00,41,10,3
2018-05-20 19:30:00,40,11,3
2018-05-20 19:30:00,40,11,3
2018-05-20 19:30:00,40,11,3
2018-05-20 19:30:00,40,11,3
2018-05-20 20:30:00,38,12,3
2018-05-20 20:30:00,38,12,3
2018-05-20 20:30:00,38,12,3
2018-05-20 20:30:00,38,12,3
2018-05-20 21:30:00,36,16,2
2018-05-20 21:30:00,36,16,2
2018-05-20 21:30:00,36,16,2
2018-05-20 21:30:00,36,16,2
2018-05-20 22:30:00,35,17,3
2018-05-20 22:30:00,35,17,3
2018-05-20 22:30:00,35,17,3
2018-05-20 22:30:00,35,17,3
2018-05-20 23:30:00,35,16,3
2018-05-20 23:30:00,35,16,3
2018-05-20 23:30:00,35,16,3
2018-05-20 23:30:00,35,16,3
2018-05-21 00:30:00,35,15,3
2018-05-21 00:30:00,35,15,3
2018-05-21 00:30:00,35,15,3
2018-05-21 00:30:00,35,15,3
2018-05-21 01:30:00,33,19,3
2018-05-21 01:30:00,33,19,3
2018-05-21 01:30:00,33,19,3
2018-05-21 01:30:00,33,19,3
2018-05-21 02:30:00,33,19,3
2018-05-21 02:30:00,33,19,3
2018-05-21 02:30:00,33,19,3
2018-05-21 02:30:00,33,19,3
2018-05-21 03:30:00,33,19,2
2018-05-21 03:30:00,33,19,2
2018-05-21 03:30:00,33,19,2
2018-05-21 03:30:00,33,19,2
2018-05-21 04:30:00,32,21,2
2018-05-21 04:30:00,32,21,2
2018-05-21 04:30:00,32,21,2
2018-05-21 04:30:00,32,21,2
2018-05-21 05:30:00,32,17,2
2018-05-21 05:30:00,32,17,2
2018-05-21 05:30:00,32,17,2
2018-05-21 05:30:00,32,17,2
2018-05-21 06:30:00,31,19,3
2018-05-21 06:30:00,31,19,3
2018-05-21 06:30:00,31,19,3
2018-05-21 06:30:00,31,19,3
2018-05-21 07:30:00,32,17,3
2018-05-21 07:30:00,32,17,3
2018-05-21 07:30:00,32,17,3
2018-05-21 07:30:00,32,17,3
2018-05-21 08:30:00,34,16,2
2018-05-21 08:30:00,34,16,2
2018-05-21 08:30:00,34,16,2
2018-05-21 08:30:00,34,16,2
2018-05-21 09:30:00,36,12,4
2018-05-21 09:30:00,36,12,4
2018-05-21 09:30:00,36,12,4
2018-05-21 09:30:00,36,12,4
2018-05-21 10:30:00,37,12,3
2018-05-21 10:30:00,37,12,3
2018-05-21 10:30:00,37,12,3
2018-05-21 10:30:00,37,12,3
2018-05-21 11:30:00,39,10,3
2018-05-21 11:30:00,39,10,3
2018-05-21 11:30:00,39,10,3
2018-05-21 11:30:00,39,10,3
2018-05-21 12:30:00,40,10,5
2018-05-21 12:30:00,40,10,5
2018-05-21 12:30:00,40,10,5
2018-05-21 12:30:00,40,10,5
2018-05-21 13:30:00,40,9,4
2018-05-21 13:30:00,40,9,4
2018-05-21 13:30:00,40,9,4
2018-05-21 13:30:00,40,9,4
2018-05-21 14:30:00,43,8,4
2018-05-21 14:30:00,43,8,4
2018-05-21 14:30:00,43,8,4
2018-05-21 14:30:00,43,8,4
2018-05-21 15:30:00,44,9,5
2018-05-21 15:30:00,44,9,5
2018-05-21 15:30:00,44,9,5
2018-05-21 15:30:00,44,9,5
2018-05-21 16:30:00,44,9,5
2018-05-21 16:30:00,44,9,5
2018-05-21 16:30:00,44,9,5
2018-05-21 16:30:00,44,9,5
2018-05-21 17:30:00,43,10,5
2018-05-21 17:30:00,43,10,5
2018-05-21 17:30:00,43,10,5
2018-05-21 17:30:00,43,10,5
2018-05-21 18:30:00,42,11,5
2018-05-21 18:30:00,42,11,5
2018-05-21 18:30:00,42,11,5
2018-05-21 18:30:00,42,11,5
2018-05-21 19:30:00,40,12,3
2018-05-21 19:30:00,40,12,3
2018-05-21 19:30:00,40,12,3
2018-05-21 19:30:00,40,12,3
2018-05-21 20:30:00,39,13,2
2018-05-21 20:30:00,39,13,2
2018-05-21 20:30:00,39,13,2
2018-05-21 20:30:00,39,13,2
2018-05-21 21:30:00,39,13,2
2018-05-21 21:30:00,39,13,2
2018-05-21 21:30:00,39,13,2
2018-05-21 21:30:00,39,13,2
2018-05-21 22:30:00,37,13,3
2018-05-21 22:30:00,37,13,3
2018-05-21 22:30:00,37,13,3
2018-05-21 22:30:00,37,13,3
2018-05-21 23:30:00,36,13,2
2018-05-21 23:30:00,36,13,2
2018-05-21 23:30:00,36,13,2
2018-05-21 23:30:00,36,13,2
2018-05-22 00:30:00,36,13,2
2018-05-22 00:30:00,36,13,2
2018-05-22 00:30:00,36,13,2
2018-05-22 00:30:00,36,13,2
2018-05-22 01:30:00,35,14,3
2018-05-22 01:30:00,35,14,3
2018-05-22 01:30:00,35,14,3
2018-05-22 01:30:00,35,14,3
2018-05-22 02:30:00,34,15,2
2018-05-22 02:30:00,34,15,2
2018-05-22 02:30:00,34,15,2
2018-05-22 02:30:00,34,15,2
2018-05-22 03:30:00,34,15,2
2018-05-22 03:30:00,34,15,2
2018-05-22 03:30:00,34,15,2
2018-05-22 03:30:00,34,15,2
2018-05-22 04:30:00,33,16,2
2018-05-22 04:30:00,33,16,2
2018-05-22 04:30:00,33,16,2
2018-05-22 04:30:00,33,16,2
2018-05-22 05:30:00,33,16,1
2018-05-22 05:30:00,33,16,1
2018-05-22 05:30:00,33,16,1
2018-05-22 05:30:00,33,16,1
2018-05-22 06:30:00,31,20,2
2018-05-22 06:30:00,31,20,2
2018-05-22 06:30:00,31,20,2
2018-05-22 06:30:00,31,20,2
2018-05-22 07:30:00,30,20,2
2018-05-22 07:30:00,30,20,2
2018-05-22 07:30:00,30,20,2
2018-05-22 07:30:00,30,20,2
2018-05-22 08:30:00,32,19,3
2018-05-22 08:30:00,32,19,3
2018-05-22 08:30:00,32,19,3
2018-05-22 08:30:00,32,19,3
2018-05-22 09:30:00,35,16,2
2018-05-22 09:30:00,35,16,2
2018-05-22 09:30:00,35,16,2
2018-05-22 09:30:00,35,16,2
2018-05-22 10:30:00,38,14,2
2018-05-22 10:30:00,38,14,2
2018-05-22 10:30:00,38,14,2
2018-05-22 10:30:00,38,14,2
2018-05-22 11:30:00,39,12,3
2018-05-22 11:30:00,39,12,3
2018-05-22 11:30:00,39,12,3
2018-05-22 11:30:00,39,12,3
2018-05-22 12:30:00,43,10,5
2018-05-22 12:30:00,43,10,5
2018-05-22 12:30:00,43,10,5
2018-05-22 12:30:00,43,10,5
2018-05-22 13:30:00,43,10,5
2018-05-22 13:30:00,43,10,5
2018-05-22 13:30:00,43,10,5
2018-05-22 13:30:00,43,10,5
2018-05-22 14:30:00,43,10,5
2018-05-22 14:30:00,43,10,5
2018-05-22 14:30:00,43,10,5
2018-05-22 14:30:00,43,10,5
2018-05-22 15:30:00,45,9,2
2018-05-22 15:30:00,45,9,2
2018-05-22 15:30:00,45,9,2
2018-05-22 15:30:00,45,9,2
2018-05-22 16:30:00,45,10,3
2018-05-22 16:30:00,45,10,3
2018-05-22 16:30:00,45,10,3
2018-05-22 16:30:00,45,10,3
2018-05-22 17:30:00,45,10,3
2018-05-22 17:30:00,45,10,3
2018-05-22 17:30:00,45,10,3
2018-05-22 17:30:00,45,10,3
2018-05-22 18:30:00,44,11,3
2018-05-22 18:30:00,44,11,3
2018-05-22 18:30:00,44,11,3
2018-05-22 18:30:00,44,11,3
2018-05-22 19:30:00,42,14,2
2018-05-22 19:30:00,42,14,2
2018-05-22 19:30:00,42,14,2
2018-05-22 19:30:00,42,14,2
2018-05-22 20:30:00,39,16,1
2018-05-22 20:30:00,39,16,1
2018-05-22 20:30:00,39,16,1
2018-05-22 20:30:00,39,16,1
2018-05-22 21:30:00,38,17,1
2018-05-22 21:30:00,38,17,1
2018-05-22 21:30:00,38,17,1
2018-05-22 21:30:00,38,17,1
2018-05-22 22:30:00,36,23,1
2018-05-22 22:30:00,36,23,1
2018-05-22 22:30:00,36,23,1
2018-05-22 22:30:00,36,23,1
2018-05-22 23:30:00,36,23,1
2018-05-22 23:30:00,36,23,1
2018-05-22 23:30:00,36,23,1
2018-05-22 23:30:00,36,23,1
2018-05-23 00:30:00,35,23,1
2018-05-23 00:30:00,35,23,1
2018-05-23 00:30:00,35,23,1
2018-05-23 00:30:00,35,23,1
2018-05-23 01:30:00,34,28,2
2018-05-23 01:30:00,34,28,2
2018-05-23 01:30:00,34,28,2
2018-05-23 01:30:00,34,28,2
2018-05-23 02:30:00,33,27,2
2018-05-23 02:30:00,33,27,2
2018-05-23 02:30:00,33,27,2
2018-05-23 02:30:00,33,27,2
2018-05-23 03:30:00,33,29,2
2018-05-23 03:30:00,33,29,2
2018-05-23 03:30:00,33,29,2
2018-05-23 03:30:00,33,29,2
2018-05-23 04:30:00,33,27,3
2018-05-23 04:30:00,33,27,3
2018-05-23 04:30:00,33,27,3
2018-05-23 04:30:00,33,27,3
2018-05-23 05:30:00,33,27,3
2018-05-23 05:30:00,33,27,3
2018-05-23 05:30:00,33,27,3
2018-05-23 05:30:00,33,27,3
2018-05-23 06:30:00,31,31,3
2018-05-23 06:30:00,31,31,3
2018-05-23 06:30:00,31,31,3
2018-05-23 06:30:00,31,31,3
2018-05-23 07:30:00,32,29,1
2018-05-23 07:30:00,32,29,1
2018-05-23 07:30:00,32,29,1
2018-05-23 07:30:00,32,29,1
2018-05-23 08:30:00,34,26,1
2018-05-23 08:30:00,34,26,1
2018-05-23 08:30:00,34,26,1
2018-05-23 08:30:00,34,26,1
2018-05-23 09:30:00,39,18,1
2018-05-23 09:30:00,39,18,1
2018-05-23 09:30:00,39,18,1
2018-05-23 09:30:00,39,18,1
2018-05-23 10:30:00,40,16,2
2018-05-23 10:30:00,40,16,2
2018-05-23 10:30:00,40,16,2
2018-05-23 10:30:00,40,16,2
2018-05-23 11:30:00,41,15,3
2018-05-23 11:30:00,41,15,3
2018-05-23 11:30:00,41,15,3
2018-05-23 11:30:00,41,15,3
2018-05-23 12:30:00,42,13,3
2018-05-23 12:30:00,42,13,3
2018-05-23 12:30:00,42,13,3
2018-05-23 12:30:00,42,13,3
2018-05-23 13:30:00,42,13,3
2018-05-23 13:30:00,42,13,3
2018-05-23 13:30:00,42,13,3
2018-05-23 13:30:00,42,13,3
2018-05-23 14:30:00,42,13,3
2018-05-23 14:30:00,42,13,3
2018-05-23 14:30:00,42,13,3
2018-05-23 14:30:00,42,13,3
2018-05-23 15:30:00,44,8,5
2018-05-23 15:30:00,44,8,5
2018-05-23 15:30:00,44,8,5
2018-05-23 15:30:00,44,8,5
2018-05-23 16:30:00,44,11,3
2018-05-23 16:30:00,44,11,3
2018-05-23 16:30:00,44,11,3
2018-05-23 16:30:00,44,11,3
2018-05-23 17:30:00,44,11,3
2018-05-23 17:30:00,44,11,3
2018-05-23 17:30:00,44,11,3
2018-05-23 17:30:00,44,11,3
2018-05-23 18:30:00,43,11,4
2018-05-23 18:30:00,43,11,4
2018-05-23 18:30:00,43,11,4
2018-05-23 18:30:00,43,11,4
2018-05-23 19:30:00,40,17,2
2018-05-23 19:30:00,40,17,2
2018-05-23 19:30:00,40,17,2
2018-05-23 19:30:00,40,17,2
2018-05-23 20:30:00,39,21,3
2018-05-23 20:30:00,39,21,3
2018-05-23 20:30:00,39,21,3
2018-05-23 20:30:00,39,21,3
2018-05-23 21:30:00,37,23,2
2018-05-23 21:30:00,37,23,2
2018-05-23 21:30:00,37,23,2
2018-05-23 21:30:00,37,23,2
2018-05-23 22:30:00,37,25,1
2018-05-23 22:30:00,37,25,1
2018-05-23 22:30:00,37,25,1
2018-05-23 22:30:00,37,25,1
2018-05-23 23:30:00,36,26,3
2018-05-23 23:30:00,36,26,3
2018-05-23 23:30:00,36,26,3
2018-05-23 23:30:00,36,26,3
2018-05-24 00:30:00,34,30,3
2018-05-24 00:30:00,34,30,3
2018-05-24 00:30:00,34,30,3
2018-05-24 00:30:00,34,30,3
2018-05-24 01:30:00,35,30,2
2018-05-24 01:30:00,35,30,2
2018-05-24 01:30:00,35,30,2
2018-05-24 01:30:00,35,30,2
2018-05-24 02:30:00,35,30,2
2018-05-24 02:30:00,35,30,2
2018-05-24 02:30:00,35,30,2
2018-05-24 02:30:00,35,30,2
2018-05-24 03:30:00,34,24,2
2018-05-24 03:30:00,34,24,2
2018-05-24 03:30:00,34,24,2
2018-05-24 03:30:00,34,24,2
2018-05-24 04:30:00,34,21,2
2018-05-24 04:30:00,34,21,2
2018-05-24 04:30:00,34,21,2
2018-05-24 04:30:00,34,21,2
2018-05-24 05:30:00,33,18,3
2018-05-24 05:30:00,33,18,3
2018-05-24 05:30:00,33,18,3
2018-05-24 05:30:00,33,18,3
2018-05-24 06:30:00,32,19,2
2018-05-24 06:30:00,32,19,2
2018-05-24 06:30:00,32,19,2
2018-05-24 06:30:00,32,19,2
2018-05-24 07:30:00,32,21,2
2018-05-24 07:30:00,32,21,2
2018-05-24 07:30:00,32,21,2
2018-05-24 07:30:00,32,21,2
2018-05-24 08:30:00,34,18,2
2018-05-24 08:30:00,34,18,2
2018-05-24 08:30:00,34,18,2
2018-05-24 08:30:00,34,18,2
2018-05-24 09:30:00,34,18,2
2018-05-24 09:30:00,34,18,2
2018-05-24 09:30:00,34,18,2
2018-05-24 09:30:00,34,18,2
2018-05-24 10:30:00,35,19,2
2018-05-24 10:30:00,35,19,2
2018-05-24 10:30:00,35,19,2
2018-05-24 10:30:00,35,19,2
2018-05-24 11:30:00,38,22,2
2018-05-24 11:30:00,38,22,2
2018-05-24 11:30:00,38,22,2
2018-05-24 11:30:00,38,22,2
2018-05-24 12:30:00,41,18,4
2018-05-24 12:30:00,41,18,4
2018-05-24 12:30:00,41,18,4
2018-05-24 12:30:00,41,18,4
2018-05-24 13:30:00,42,14,4
2018-05-24 13:30:00,42,14,4
2018-05-24 13:30:00,42,14,4
2018-05-24 13:30:00,42,14,4
2018-05-24 14:30:00,43,12,3
2018-05-24 14:30:00,43,12,3
2018-05-24 14:30:00,43,12,3
2018-05-24 14:30:00,43,12,3
2018-05-24 15:30:00,44,11,4
2018-05-24 15:30:00,44,11,4
2018-05-24 15:30:00,44,11,4
2018-05-24 15:30:00,44,11,4
2018-05-24 16:30:00,44,8,4
2018-05-24 16:30:00,44,8,4
2018-05-24 16:30:00,44,8,4
2018-05-24 16:30:00,44,8,4
2018-05-24 17:30:00,44,8,4
2018-05-24 17:30:00,44,8,4
2018-05-24 17:30:00,44,8,4
2018-05-24 17:30:00,44,8,4
2018-05-24 18:30:00,43,10,3
2018-05-24 18:30:00,43,10,3
2018-05-24 18:30:00,43,10,3
2018-05-24 18:30:00,43,10,3
2018-05-24 19:30:00,41,12,2
2018-05-24 19:30:00,41,12,2
2018-05-24 19:30:00,41,12,2
2018-05-24 19:30:00,41,12,2
2018-05-24 20:30:00,38,16,3
2018-05-24 20:30:00,38,16,3
2018-05-24 20:30:00,38,16,3
2018-05-24 20:30:00,38,16,3
2018-05-24 21:30:00,37,18,3
2018-05-24 21:30:00,37,18,3
2018-05-24 21:30:00,37,18,3
2018-05-24 21:30:00,37,18,3
2018-05-24 22:30:00,35,15,1
2018-05-24 22:30:00,35,15,1
2018-05-24 22:30:00,35,15,1
2018-05-24 22:30:00,35,15,1
2018-05-24 23:30:00,34,14,2
2018-05-24 23:30:00,34,14,2
2018-05-24 23:30:00,34,14,2
2018-05-24 23:30:00,34,14,2
2018-05-25 00:30:00,34,14,2
2018-05-25 00:30:00,34,14,2
2018-05-25 00:30:00,34,14,2
2018-05-25 00:30:00,34,14,2
2018-05-25 01:30:00,33,15,1
2018-05-25 01:30:00,33,15,1
2018-05-25 01:30:00,33,15,1
2018-05-25 01:30:00,33,15,1
2018-05-25 02:30:00,32,18,2
2018-05-25 02:30:00,32,18,2
2018-05-25 02:30:00,32,18,2
2018-05-25 02:30:00,32,18,2
2018-05-25 03:30:00,30,23,1
2018-05-25 03:30:00,30,23,1
2018-05-25 03:30:00,30,23,1
2018-05-25 03:30:00,30,23,1
2018-05-25 04:30:00,30,23,1
2018-05-25 04:30:00,30,23,1
2018-05-25 04:30:00,30,23,1
2018-05-25 04:30:00,30,23,1
2018-05-25 05:30:00,30,22,1
2018-05-25 05:30:00,30,22,1
2018-05-25 05:30:00,30,22,1
2018-05-25 05:30:00,30,22,1
2018-05-25 06:30:00,29,28,2
2018-05-25 06:30:00,29,28,2
2018-05-25 06:30:00,29,28,2
2018-05-25 06:30:00,29,28,2
2018-05-25 07:30:00,29,23,1
2018-05-25 07:30:00,29,23,1
2018-05-25 07:30:00,29,23,1
2018-05-25 07:30:00,29,23,1
2018-05-25 08:30:00,29,23,1
2018-05-25 08:30:00,29,23,1
2018-05-25 08:30:00,29,23,1
2018-05-25 08:30:00,29,23,1
2018-05-25 09:30:00,36,15,3
2018-05-25 09:30:00,36,15,3
2018-05-25 09:30:00,36,15,3
2018-05-25 09:30:00,36,15,3
2018-05-25 10:30:00,39,11,3
2018-05-25 10:30:00,39,11,3
2018-05-25 10:30:00,39,11,3
2018-05-25 10:30:00,39,11,3
2018-05-25 11:30:00,40,11,3
2018-05-25 11:30:00,40,11,3
2018-05-25 11:30:00,40,11,3
2018-05-25 11:30:00,40,11,3
2018-05-25 12:30:00,43,8,3
2018-05-25 12:30:00,43,8,3
2018-05-25 12:30:00,43,8,3
2018-05-25 12:30:00,43,8,3
2018-05-25 13:30:00,44,7,4
2018-05-25 13:30:00,44,7,4
2018-05-25 13:30:00,44,7,4
2018-05-25 13:30:00,44,7,4
2018-05-25 14:30:00,44,7,4
2018-05-25 14:30:00,44,7,4
2018-05-25 14:30:00,44,7,4
2018-05-25 14:30:00,44,7,4
2018-05-25 15:30:00,45,7,6
2018-05-25 15:30:00,45,7,6
2018-05-25 15:30:00,45,7,6
2018-05-25 15:30:00,45,7,6
2018-05-25 16:30:00,45,7,3
2018-05-25 16:30:00,45,7,3
2018-05-25 16:30:00,45,7,3
2018-05-25 16:30:00,45,7,3
2018-05-25 17:30:00,45,7,3
2018-05-25 17:30:00,45,7,3
2018-05-25 17:30:00,45,7,3
2018-05-25 17:30:00,45,7,3
2018-05-25 18:30:00,44,7,5
2018-05-25 18:30:00,44,7,5
2018-05-25 18:30:00,44,7,5
2018-05-25 18:30:00,44,7,5
2018-05-25 19:30:00,42,9,3
2018-05-25 19:30:00,42,9,3
2018-05-25 19:30:00,42,9,3
2018-05-25 19:30:00,42,9,3
2018-05-25 20:30:00,39,10,2
2018-05-25 20:30:00,39,10,2
2018-05-25 20:30:00,39,10,2
2018-05-25 20:30:00,39,10,2
2018-05-25 21:30:00,38,12,2
2018-05-25 21:30:00,38,12,2
2018-05-25 21:30:00,38,12,2
2018-05-25 21:30:00,38,12,2
2018-05-25 22:30:00,38,12,2
2018-05-25 22:30:00,38,12,2
2018-05-25 22:30:00,38,12,2
2018-05-25 22:30:00,38,12,2
2018-05-25 23:30:00,38,12,2
2018-05-25 23:30:00,38,12,2
2018-05-25 23:30:00,38,12,2
2018-05-25 23:30:00,38,12,2
2018-05-26 00:30:00,35,15,1
2018-05-26 00:30:00,35,15,1
2018-05-26 00:30:00,35,15,1
2018-05-26 00:30:00,35,15,1
2018-05-26 01:30:00,34,16,1
2018-05-26 01:30:00,34,16,1
2018-05-26 01:30:00,34,16,1
2018-05-26 01:30:00,34,16,1
2018-05-26 02:30:00,33,19,1
2018-05-26 02:30:00,33,19,1
2018-05-26 02:30:00,33,19,1
2018-05-26 02:30:00,33,19,1
2018-05-26 03:30:00,32,22,1
2018-05-26 03:30:00,32,22,1
2018-05-26 03:30:00,32,22,1
2018-05-26 03:30:00,32,22,1
2018-05-26 04:30:00,30,27,1
2018-05-26 04:30:00,30,27,1
2018-05-26 04:30:00,30,27,1
2018-05-26 04:30:00,30,27,1
2018-05-26 05:30:00,29,28,1
2018-05-26 05:30:00,29,28,1
2018-05-26 05:30:00,29,28,1
2018-05-26 05:30:00,29,28,1
2018-05-26 06:30:00,29,28,2
2018-05-26 06:30:00,29,28,2
2018-05-26 06:30:00,29,28,2
2018-05-26 06:30:00,29,28,2
2018-05-26 07:30:00,29,26,1
2018-05-26 07:30:00,29,26,1
2018-05-26 07:30:00,29,26,1
2018-05-26 07:30:00,29,26,1
2018-05-26 08:30:00,31,22,2
2018-05-26 08:30:00,31,22,2
2018-05-26 08:30:00,31,22,2
2018-05-26 08:30:00,31,22,2
2018-05-26 09:30:00,34,17,2
2018-05-26 09:30:00,34,17,2
2018-05-26 09:30:00,34,17,2
2018-05-26 09:30:00,34,17,2
2018-05-26 10:30:00,36,16,2
2018-05-26 10:30:00,36,16,2
2018-05-26 10:30:00,36,16,2
2018-05-26 10:30:00,36,16,2
2018-05-26 11:30:00,39,14,2
2018-05-26 11:30:00,39,14,2
2018-05-26 11:30:00,39,14,2
2018-05-26 11:30:00,39,14,2
2018-05-26 12:30:00,43,11,2
2018-05-26 12:30:00,43,11,2
2018-05-26 12:30:00,43,11,2
2018-05-26 12:30:00,43,11,2
2018-05-26 13:30:00,44,10,2
2018-05-26 13:30:00,44,10,2
2018-05-26 13:30:00,44,10,2
2018-05-26 13:30:00,44,10,2
2018-05-26 14:30:00,44,8,3
2018-05-26 14:30:00,44,8,3
2018-05-26 14:30:00,44,8,3
2018-05-26 14:30:00,44,8,3
2018-05-26 15:30:00,46,7,4
2018-05-26 15:30:00,46,7,4
2018-05-26 15:30:00,46,7,4
2018-05-26 15:30:00,46,7,4
2018-05-26 16:30:00,46,7,3
2018-05-26 16:30:00,46,7,3
2018-05-26 16:30:00,46,7,3
2018-05-26 16:30:00,46,7,3
2018-05-26 17:30:00,46,7,3
2018-05-26 17:30:00,46,7,3
2018-05-26 17:30:00,46,7,3
2018-05-26 17:30:00,46,7,3
2018-05-26 18:30:00,46,7,2
2018-05-26 18:30:00,46,7,2
2018-05-26 18:30:00,46,7,2
2018-05-26 18:30:00,46,7,2
2018-05-26 19:30:00,44,7,3
2018-05-26 19:30:00,44,7,3
2018-05-26 19:30:00,44,7,3
2018-05-26 19:30:00,44,7,3
2018-05-26 20:30:00,42,9,1
2018-05-26 20:30:00,42,9,1
2018-05-26 20:30:00,42,9,1
2018-05-26 20:30:00,42,9,1
2018-05-26 21:30:00,39,10,1
2018-05-26 21:30:00,39,10,1
2018-05-26 21:30:00,39,10,1
2018-05-26 21:30:00,39,10,1
2018-05-26 22:30:00,38,13,2
2018-05-26 22:30:00,38,13,2
2018-05-26 22:30:00,38,13,2
2018-05-26 22:30:00,38,13,2
2018-05-26 23:30:00,37,13,2
2018-05-26 23:30:00,37,13,2
2018-05-26 23:30:00,37,13,2
2018-05-26 23:30:00,37,13,2
2018-05-27 00:30:00,36,14,3
2018-05-27 00:30:00,36,14,3
2018-05-27 00:30:00,36,14,3
2018-05-27 00:30:00,36,14,3
2018-05-27 01:30:00,36,14,2
2018-05-27 01:30:00,36,14,2
2018-05-27 01:30:00,36,14,2
2018-05-27 01:30:00,36,14,2
2018-05-27 02:30:00,34,17,4
2018-05-27 02:30:00,34,17,4
2018-05-27 02:30:00,34,17,4
2018-05-27 02:30:00,34,17,4
2018-05-27 03:30:00,33,19,2
2018-05-27 03:30:00,33,19,2
2018-05-27 03:30:00,33,19,2
2018-05-27 03:30:00,33,19,2
2018-05-27 04:30:00,33,19,2
2018-05-27 04:30:00,33,19,2
2018-05-27 04:30:00,33,19,2
2018-05-27 04:30:00,33,19,2
2018-05-27 05:30:00,32,19,2
2018-05-27 05:30:00,32,19,2
2018-05-27 05:30:00,32,19,2
2018-05-27 05:30:00,32,19,2
2018-05-27 06:30:00,32,17,2
2018-05-27 06:30:00,32,17,2
2018-05-27 06:30:00,32,17,2
2018-05-27 06:30:00,32,17,2
2018-05-27 07:30:00,33,16,1
2018-05-27 07:30:00,33,16,1
2018-05-27 07:30:00,33,16,1
2018-05-27 07:30:00,33,16,1
2018-05-27 08:30:00,33,17,3
2018-05-27 08:30:00,33,17,3
2018-05-27 08:30:00,33,17,3
2018-05-27 08:30:00,33,17,3
2018-05-27 09:30:00,36,13,3
2018-05-27 09:30:00,36,13,3
2018-05-27 09:30:00,36,13,3
2018-05-27 09:30:00,36,13,3
2018-05-27 10:30:00,38,11,3
2018-05-27 10:30:00,38,11,3
2018-05-27 10:30:00,38,11,3
2018-05-27 10:30:00,38,11,3
2018-05-27 11:30:00,41,9,3
2018-05-27 11:30:00,41,9,3
2018-05-27 11:30:00,41,9,3
2018-05-27 11:30:00,41,9,3
2018-05-27 12:30:00,42,9,3
2018-05-27 12:30:00,42,9,3
2018-05-27 12:30:00,42,9,3
2018-05-27 12:30:00,42,9,3
2018-05-27 13:30:00,45,7,4
2018-05-27 13:30:00,45,7,4
2018-05-27 13:30:00,45,7,4
2018-05-27 13:30:00,45,7,4
2018-05-27 14:30:00,45,22,4
2018-05-27 14:30:00,45,22,4
2018-05-27 14:30:00,45,22,4
2018-05-27 14:30:00,45,22,4
2018-05-27 15:30:00,45,22,4
2018-05-27 15:30:00,45,22,4
2018-05-27 15:30:00,45,22,4
2018-05-27 15:30:00,45,22,4
2018-05-27 16:30:00,45,18,2
2018-05-27 16:30:00,45,18,2
2018-05-27 16:30:00,45,18,2
2018-05-27 16:30:00,45,18,2
2018-05-27 17:30:00,45,18,4
2018-05-27 17:30:00,45,18,4
2018-05-27 17:30:00,45,18,4
2018-05-27 17:30:00,45,18,4
2018-05-27 18:30:00,45,18,3
2018-05-27 18:30:00,45,18,3
2018-05-27 18:30:00,45,18,3
2018-05-27 18:30:00,45,18,3
2018-05-27 19:30:00,43,7,3
2018-05-27 19:30:00,43,7,3
2018-05-27 19:30:00,43,7,3
2018-05-27 19:30:00,43,7,3
2018-05-27 20:30:00,42,8,2
2018-05-27 20:30:00,42,8,2
2018-05-27 20:30:00,42,8,2
2018-05-27 20:30:00,42,8,2
2018-05-27 21:30:00,40,9,3
2018-05-27 21:30:00,40,9,3
2018-05-27 21:30:00,40,9,3
2018-05-27 21:30:00,40,9,3
2018-05-27 22:30:00,37,13,2
2018-05-27 22:30:00,37,13,2
2018-05-27 22:30:00,37,13,2
2018-05-27 22:30:00,37,13,2
2018-05-27 23:30:00,36,13,2
2018-05-27 23:30:00,36,13,2
2018-05-27 23:30:00,36,13,2
2018-05-27 23:30:00,36,13,2
2018-05-28 00:30:00,34,23,4
2018-05-28 00:30:00,34,23,4
2018-05-28 00:30:00,34,23,4
2018-05-28 00:30:00,34,23,4
2018-05-28 01:30:00,34,23,2
2018-05-28 01:30:00,34,23,2
2018-05-28 01:30:00,34,23,2
2018-05-28 01:30:00,34,23,2
2018-05-28 02:30:00,33,26,1
2018-05-28 02:30:00,33,26,1
2018-05-28 02:30:00,33,26,1
2018-05-28 02:30:00,33,26,1
2018-05-28 03:30:00,32,29,2
2018-05-28 03:30:00,32,29,2
2018-05-28 03:30:00,32,29,2
2018-05-28 03:30:00,32,29,2
2018-05-28 04:30:00,31,35,2
2018-05-28 04:30:00,31,35,2
2018-05-28 04:30:00,31,35,2
2018-05-28 04:30:00,31,35,2
2018-05-28 05:30:00,31,35,1
2018-05-28 05:30:00,31,35,1
2018-05-28 05:30:00,31,35,1
2018-05-28 05:30:00,31,35,1
2018-05-28 06:30:00,31,35,1
2018-05-28 06:30:00,31,35,1
2018-05-28 06:30:00,31,35,1
2018-05-28 06:30:00,31,35,1
2018-05-28 07:30:00,34.587,29,2
2018-05-28 07:30:00,34.587,29,2
2018-05-28 07:30:00,34.587,29,2
2018-05-28 07:30:00,34.587,29,2
2018-05-28 08:30:00,34,28,1
2018-05-28 08:30:00,34,28,1
2018-05-28 08:30:00,34,28,1
2018-05-28 08:30:00,34,28,1
2018-05-28 09:30:00,35,28,2
2018-05-28 09:30:00,35,28,2
2018-05-28 09:30:00,35,28,2
2018-05-28 09:30:00,35,28,2
2018-05-28 10:30:00,40.287,28,2
2018-05-28 10:30:00,40.287,28,2
2018-05-28 10:30:00,40.287,28,2
2018-05-28 10:30:00,40.287,28,2
2018-05-28 11:30:00,40.287,28,2
2018-05-28 11:30:00,40.287,28,2
2018-05-28 11:30:00,40.287,28,2
2018-05-28 11:30:00,40.287,28,2
2018-05-28 12:30:00,41.45,26,1
2018-05-28 12:30:00,41.45,26,1
2018-05-28 12:30:00,41.45,26,1
2018-05-28 12:30:00,41.45,26,1
2018-05-28 13:30:00,42.407,23,2
2018-05-28 13:30:00,42.407,23,2
2018-05-28 13:30:00,42.407,23,2
2018-05-28 13:30:00,42.407,23,2
2018-05-28 14:30:00,42.407,23,2
2018-05-28 14:30:00,42.407,23,2
2018-05-28 14:30:00,42.407,23,2
2018-05-28 14:30:00,42.407,23,2
2018-05-28 15:30:00,42.407,23,2
2018-05-28 15:30:00,42.407,23,2
2018-05-28 15:30:00,42.407,23,2
2018-05-28 15:30:00,42.407,23,2
2018-05-28 16:30:00,41.411,17,3
2018-05-28 16:30:00,41.411,17,3
2018-05-28 16:30:00,41.411,17,3
2018-05-28 16:30:00,41.411,17,3
2018-05-28 17:30:00,41.411,17,3
2018-05-28 17:30:00,41.411,17,3
2018-05-28 17:30:00,41.411,17,3
2018-05-28 17:30:00,41.411,17,3
2018-05-28 18:30:00,41.411,17,3
2018-05-28 18:30:00,41.411,17,3
2018-05-28 18:30:00,41.411,17,3
2018-05-28 18:30:00,41.411,17,3
2018-05-28 19:30:00,31.999,28,2
2018-05-28 19:30:00,31.999,28,2
2018-05-28 19:30:00,31.999,28,2
2018-05-28 19:30:00,31.999,28,2
2018-05-28 20:30:00,31.999,28,2
2018-05-28 20:30:00,31.999,28,2
2018-05-28 20:30:00,31.999,28,2
2018-05-28 20:30:00,31.999,28,2
2018-05-28 21:30:00,31.999,28,2
2018-05-28 21:30:00,31.999,28,2
2018-05-28 21:30:00,31.999,28,2
2018-05-28 21:30:00,31.999,28,2
2018-05-28 22:30:00,26.644,51,1
2018-05-28 22:30:00,26.644,51,1
2018-05-28 22:30:00,26.644,51,1
2018-05-28 22:30:00,26.644,51,1
2018-05-28 23:30:00,35,24,1
2018-05-28 23:30:00,35,24,1
2018-05-28 23:30:00,35,24,1
2018-05-28 23:30:00,35,24,1
2018-05-29 00:30:00,35,26,1
2018-05-29 00:30:00,35,26,1
2018-05-29 00:30:00,35,26,1
2018-05-29 00:30:00,35,26,1
2018-05-29 01:30:00,34,28,2
2018-05-29 01:30:00,34,28,2
2018-05-29 01:30:00,34,28,2
2018-05-29 01:30:00,34,28,2
2018-05-29 02:30:00,25.057,36,2
2018-05-29 02:30:00,25.057,36,2
2018-05-29 02:30:00,25.057,36,2
2018-05-29 02:30:00,25.057,36,2
2018-05-29 03:30:00,32,33,2
2018-05-29 03:30:00,32,33,2
2018-05-29 03:30:00,32,33,2
2018-05-29 03:30:00,32,33,2
2018-05-29 04:30:00,30,33,1
2018-05-29 04:30:00,30,33,1
2018-05-29 04:30:00,30,33,1
2018-05-29 04:30:00,30,33,1
2018-05-29 05:30:00,30,33,1
2018-05-29 05:30:00,30,33,1
2018-05-29 05:30:00,30,33,1
2018-05-29 05:30:00,30,33,1
2018-05-29 06:30:00,30,33,1
2018-05-29 06:30:00,30,33,1
2018-05-29 06:30:00,30,33,1
2018-05-29 06:30:00,30,33,1
2018-05-29 07:30:00,31,38,5
2018-05-29 07:30:00,31,38,5
2018-05-29 07:30:00,31,38,5
2018-05-29 07:30:00,31,38,5
2018-05-29 08:30:00,32,38,3
2018-05-29 08:30:00,32,38,3
2018-05-29 08:30:00,32,38,3
2018-05-29 08:30:00,32,38,3
2018-05-29 09:30:00,35,32,3
2018-05-29 09:30:00,35,32,3
2018-05-29 09:30:00,35,32,3
2018-05-29 09:30:00,35,32,3
2018-05-29 10:30:00,37.51,37,2
2018-05-29 10:30:00,37.51,37,2
2018-05-29 10:30:00,37.51,37,2
2018-05-29 10:30:00,37.51,37,2
2018-05-29 11:30:00,39.02,35,1
2018-05-29 11:30:00,39.02,35,1
2018-05-29 11:30:00,39.02,35,1
2018-05-29 11:30:00,39.02,35,1
2018-05-29 12:30:00,39.81,20,3
2018-05-29 12:30:00,39.81,20,3
2018-05-29 12:30:00,39.81,20,3
2018-05-29 12:30:00,39.81,20,3
2018-05-29 13:30:00,40.54,35,2
2018-05-29 13:30:00,40.54,35,2
2018-05-29 13:30:00,40.54,35,2
2018-05-29 13:30:00,40.54,35,2
2018-05-29 14:30:00,42.27,9,2
2018-05-29 14:30:00,42.27,9,2
2018-05-29 14:30:00,42.27,9,2
2018-05-29 14:30:00,42.27,9,2
2018-05-29 15:30:00,46,9,3
2018-05-29 15:30:00,46,9,3
2018-05-29 15:30:00,46,9,3
2018-05-29 15:30:00,46,9,3
2018-05-29 16:30:00,45.02,11,1
2018-05-29 16:30:00,45.02,11,1
2018-05-29 16:30:00,45.02,11,1
2018-05-29 16:30:00,45.02,11,1
2018-05-29 17:30:00,45.04,14,1
2018-05-29 17:30:00,45.04,14,1
2018-05-29 17:30:00,45.04,14,1
2018-05-29 17:30:00,45.04,14,1
2018-05-29 18:30:00,43.04,19,3
2018-05-29 18:30:00,43.04,19,3
2018-05-29 18:30:00,43.04,19,3
2018-05-29 18:30:00,43.04,19,3
2018-05-29 19:30:00,42.14,11,1
2018-05-29 19:30:00,42.14,11,1
2018-05-29 19:30:00,42.14,11,1
2018-05-29 19:30:00,42.14,11,1
2018-05-29 20:30:00,42,17,2
2018-05-29 20:30:00,42,17,2
2018-05-29 20:30:00,42,17,2
2018-05-29 20:30:00,42,17,2
2018-05-29 21:30:00,40,31,3
2018-05-29 21:30:00,40,31,3
2018-05-29 21:30:00,40,31,3
2018-05-29 21:30:00,40,31,3
2018-05-29 22:30:00,37,44,6
2018-05-29 22:30:00,37,44,6
2018-05-29 22:30:00,37,44,6
2018-05-29 22:30:00,37,44,6
2018-05-29 23:30:00,35,50,6
2018-05-29 23:30:00,35,50,6
2018-05-29 23:30:00,35,50,6
2018-05-29 23:30:00,35,50,6
2018-05-30 00:30:00,32,49,6
2018-05-30 00:30:00,32,49,6
2018-05-30 00:30:00,32,49,6
2018-05-30 00:30:00,32,49,6
2018-05-30 01:30:00,32,43,4
2018-05-30 01:30:00,32,43,4
2018-05-30 01:30:00,32,43,4
2018-05-30 01:30:00,32,43,4
2018-05-30 02:30:00,12,147,4
2018-05-30 02:30:00,12,147,4
2018-05-30 02:30:00,12,147,4
2018-05-30 02:30:00,12,147,4
2018-05-30 03:30:00,12,147,4
2018-05-30 03:30:00,12,147,4
2018-05-30 03:30:00,12,147,4
2018-05-30 03:30:00,12,147,4
2018-05-30 04:30:00,26.982,48,4
2018-05-30 04:30:00,26.982,48,4
2018-05-30 04:30:00,26.982,48,4
2018-05-30 04:30:00,26.982,48,4
2018-05-30 05:30:00,31,43,5
2018-05-30 05:30:00,31,43,5
2018-05-30 05:30:00,31,43,5
2018-05-30 05:30:00,31,43,5
2018-05-30 06:30:00,31,43,5
2018-05-30 06:30:00,31,43,5
2018-05-30 06:30:00,31,43,5
2018-05-30 06:30:00,31,43,5
2018-05-30 07:30:00,31,45,5
2018-05-30 07:30:00,31,45,5
2018-05-30 07:30:00,31,45,5
2018-05-30 07:30:00,31,45,5
2018-05-30 08:30:00,31,58,2
2018-05-30 08:30:00,31,58,2
2018-05-30 08:30:00,31,58,2
2018-05-30 08:30:00,31,58,2
2018-05-30 09:30:00,32,55,4
2018-05-30 09:30:00,32,55,4
2018-05-30 09:30:00,32,55,4
2018-05-30 09:30:00,32,55,4
2018-05-30 10:30:00,34,49,5
2018-05-30 10:30:00,34,49,5
2018-05-30 10:30:00,34,49,5
2018-05-30 10:30:00,34,49,5
2018-05-30 11:30:00,35,50,4
2018-05-30 11:30:00,35,50,4
2018-05-30 11:30:00,35,50,4
2018-05-30 11:30:00,35,50,4
2018-05-30 12:30:00,36,41,4
2018-05-30 12:30:00,36,41,4
2018-05-30 12:30:00,36,41,4
2018-05-30 12:30:00,36,41,4
2018-05-30 13:30:00,37.51,44,3
2018-05-30 13:30:00,37.51,44,3
2018-05-30 13:30:00,37.51,44,3
2018-05-30 13:30:00,37.51,44,3
2018-05-30 14:30:00,39,42,3
2018-05-30 14:30:00,39,42,3
2018-05-30 14:30:00,39,42,3
2018-05-30 14:30:00,39,42,3
2018-05-30 15:30:00,40,31,3
2018-05-30 15:30:00,40,31,3
2018-05-30 15:30:00,40,31,3
2018-05-30 15:30:00,40,31,3
2018-05-30 16:30:00,41,30,4
2018-05-30 16:30:00,41,30,4
2018-05-30 16:30:00,41,30,4
2018-05-30 16:30:00,41,30,4
2018-05-30 17:30:00,42,28,3
2018-05-30 17:30:00,42,28,3
2018-05-30 17:30:00,42,28,3
2018-05-30 17:30:00,42,28,3
2018-05-30 18:30:00,41,30,3
2018-05-30 18:30:00,41,30,3
2018-05-30 18:30:00,41,30,3
2018-05-30 18:30:00,41,30,3
2018-05-30 19:30:00,39,37,5
2018-05-30 19:30:00,39,37,5
2018-05-30 19:30:00,39,37,5
2018-05-30 19:30:00,39,37,5
2018-05-30 20:30:00,37,35,3
2018-05-30 20:30:00,37,35,3
2018-05-30 20:30:00,37,35,3
2018-05-30 20:30:00,37,35,3
2018-05-30 21:30:00,36,32,3
2018-05-30 21:30:00,36,32,3
2018-05-30 21:30:00,36,32,3
2018-05-30 21:30:00,36,32,3
2018-05-30 22:30:00,34,28,2
2018-05-30 22:30:00,34,28,2
2018-05-30 22:30:00,34,28,2
2018-05-30 22:30:00,34,28,2
2018-05-30 23:30:00,35,26,3
2018-05-30 23:30:00,35,26,3
2018-05-30 23:30:00,35,26,3
2018-05-30 23:30:00,35,26,3
2018-05-31 00:30:00,33,29,3
2018-05-31 00:30:00,33,29,3
2018-05-31 00:30:00,33,29,3
2018-05-31 00:30:00,33,29,3
2018-05-31 01:30:00,33,31,1
2018-05-31 01:30:00,33,31,1
2018-05-31 01:30:00,33,31,1
2018-05-31 01:30:00,33,31,1
2018-05-31 02:30:00,32,38,1
2018-05-31 02:30:00,32,38,1
2018-05-31 02:30:00,32,38,1
2018-05-31 02:30:00,32,38,1
2018-05-31 03:30:00,32,38,2
2018-05-31 03:30:00,32,38,2
2018-05-31 03:30:00,32,38,2
2018-05-31 03:30:00,32,38,2
2018-05-31 04:30:00,30,45,2
2018-05-31 04:30:00,30,45,2
2018-05-31 04:30:00,30,45,2
2018-05-31 04:30:00,30,45,2
2018-05-31 05:30:00,29,54,3
2018-05-31 05:30:00,29,54,3
2018-05-31 05:30:00,29,54,3
2018-05-31 05:30:00,29,54,3
2018-05-31 06:30:00,31,52,2
2018-05-31 06:30:00,31,52,2
2018-05-31 06:30:00,31,52,2
2018-05-31 06:30:00,31,52,2
2018-05-31 07:30:00,31,58,2
2018-05-31 07:30:00,31,58,2
2018-05-31 07:30:00,31,58,2
2018-05-31 07:30:00,31,58,2
2018-05-31 08:30:00,32,55,3
2018-05-31 08:30:00,32,55,3
2018-05-31 08:30:00,32,55,3
2018-05-31 08:30:00,32,55,3
2018-05-31 09:30:00,34,46,3
2018-05-31 09:30:00,34,46,3
2018-05-31 09:30:00,34,46,3
2018-05-31 09:30:00,34,46,3
2018-05-31 10:30:00,37,35,3
2018-05-31 10:30:00,37,35,3
2018-05-31 10:30:00,37,35,3
2018-05-31 10:30:00,37,35,3
2018-05-31 11:30:00,37,29,3
2018-05-31 11:30:00,37,29,3
2018-05-31 11:30:00,37,29,3
2018-05-31 11:30:00,37,29,3
2018-05-31 12:30:00,39,26,3
2018-05-31 12:30:00,39,26,3
2018-05-31 12:30:00,39,26,3
2018-05-31 12:30:00,39,26,3
2018-05-31 13:30:00,41,23,3
2018-05-31 13:30:00,41,23,3
2018-05-31 13:30:00,41,23,3
2018-05-31 13:30:00,41,23,3
2018-05-31 14:30:00,42,22,2
2018-05-31 14:30:00,42,22,2
2018-05-31 14:30:00,42,22,2
2018-05-31 14:30:00,42,22,2
2018-05-31 15:30:00,43,21,2
2018-05-31 15:30:00,43,21,2
2018-05-31 15:30:00,43,21,2
2018-05-31 15:30:00,43,21,2
2018-05-31 16:30:00,43,21,2
2018-05-31 16:30:00,43,21,2
2018-05-31 16:30:00,43,21,2
2018-05-31 16:30:00,43,21,2
2018-05-31 17:30:00,43,21,2
2018-05-31 17:30:00,43,21,2
2018-05-31 17:30:00,43,21,2
2018-05-31 17:30:00,43,21,2
2018-05-31 18:30:00,42,22,2
2018-05-31 18:30:00,42,22,2
2018-05-31 18:30:00,42,22,2
2018-05-31 18:30:00,42,22,2
2018-05-31 19:30:00,41,23,3
2018-05-31 19:30:00,41,23,3
2018-05-31 19:30:00,41,23,3
2018-05-31 19:30:00,41,23,3
2018-05-31 20:30:00,40,24,3
2018-05-31 20:30:00,40,24,3
2018-05-31 20:30:00,40,24,3
2018-05-31 20:30:00,40,24,3
2018-05-31 21:30:00,38,27,2
2018-05-31 21:30:00,38,27,2
2018-05-31 21:30:00,38,27,2
2018-05-31 21:30:00,38,27,2
2018-05-31 22:30:00,37,30,2
2018-05-31 22:30:00,37,30,2
2018-05-31 22:30:00,37,30,2
2018-05-31 22:30:00,37,30,2
2018-05-31 23:30:00,36,34,5
2018-05-31 23:30:00,36,34,5
2018-05-31 23:30:00,36,34,5
2018-05-31 23:30:00,36,34,5
2018-06-01 00:30:00,35,36,5
2018-06-01 00:30:00,35,36,5
2018-06-01 00:30:00,35,36,5
2018-06-01 00:30:00,35,36,5
2018-06-01 01:30:00,35,41,4
2018-06-01 01:30:00,35,41,4
2018-06-01 01:30:00,35,41,4
2018-06-01 01:30:00,35,41,4
2018-06-01 02:30:00,35,41,4
2018-06-01 02:30:00,35,41,4
2018-06-01 02:30:00,35,41,4
2018-06-01 02:30:00,35,41,4
2018-06-01 03:30:00,34,44,5
2018-06-01 03:30:00,34,44,5
2018-06-01 03:30:00,34,44,5
2018-06-01 03:30:00,34,44,5
2018-06-01 04:30:00,33,49,6
2018-06-01 04:30:00,33,49,6
2018-06-01 04:30:00,33,49,6
2018-06-01 04:30:00,33,49,6
2018-06-01 05:30:00,33,52,3
2018-06-01 05:30:00,33,52,3
2018-06-01 05:30:00,33,52,3
2018-06-01 05:30:00,33,52,3
2018-06-01 06:30:00,32,62,4
2018-06-01 06:30:00,32,62,4
2018-06-01 06:30:00,32,62,4
2018-06-01 06:30:00,32,62,4
2018-06-01 07:30:00,31,62,4
2018-06-01 07:30:00,31,62,4
2018-06-01 07:30:00,31,62,4
2018-06-01 07:30:00,31,62,4
2018-06-01 08:30:00,31,58,3
2018-06-01 08:30:00,31,58,3
2018-06-01 08:30:00,31,58,3
2018-06-01 08:30:00,31,58,3
2018-06-01 09:30:00,32,59,5
2018-06-01 09:30:00,32,59,5
2018-06-01 09:30:00,32,59,5
2018-06-01 09:30:00,32,59,5
2018-06-01 10:30:00,34,49,4
2018-06-01 10:30:00,34,49,4
2018-06-01 10:30:00,34,49,4
2018-06-01 10:30:00,34,49,4
2018-06-01 11:30:00,35,47,6
2018-06-01 11:30:00,35,47,6
2018-06-01 11:30:00,35,47,6
2018-06-01 11:30:00,35,47,6
2018-06-01 13:30:00,38,37,4
2018-06-01 13:30:00,38,37,4
2018-06-01 13:30:00,38,37,4
2018-06-01 13:30:00,38,37,4
2018-06-01 13:30:00,38,37,4
2018-06-01 13:30:00,38,37,4
2018-06-01 13:30:00,38,37,4
2018-06-01 13:30:00,38,37,4
2018-06-01 14:30:00,39,33,3
2018-06-01 14:30:00,39,33,3
2018-06-01 14:30:00,39,33,3
2018-06-01 14:30:00,39,33,3
2018-06-01 15:30:00,41,30,3
2018-06-01 15:30:00,41,30,3
2018-06-01 15:30:00,41,30,3
2018-06-01 15:30:00,41,30,3
2018-06-01 16:30:00,41,28,3
2018-06-01 16:30:00,41,28,3
2018-06-01 16:30:00,41,28,3
2018-06-01 16:30:00,41,28,3
2018-06-01 17:30:00,41,28,4
2018-06-01 17:30:00,41,28,4
2018-06-01 17:30:00,41,28,4
2018-06-01 17:30:00,41,28,4
2018-06-01 18:30:00,41,28,4
2018-06-01 18:30:00,41,28,4
2018-06-01 18:30:00,41,28,4
2018-06-01 18:30:00,41,28,4
2018-06-01 19:30:00,40,29,4
2018-06-01 19:30:00,40,29,4
2018-06-01 19:30:00,40,29,4
2018-06-01 19:30:00,40,29,4
2018-06-01 20:30:00,39,31,4
2018-06-01 20:30:00,39,31,4
2018-06-01 20:30:00,39,31,4
2018-06-01 20:30:00,39,31,4
2018-06-01 21:30:00,38,37,10
2018-06-01 21:30:00,38,37,10
2018-06-01 21:30:00,38,37,10
2018-06-01 21:30:00,38,37,10
2018-06-01 22:30:00,28,58,7
2018-06-01 22:30:00,28,58,7
2018-06-01 22:30:00,28,58,7
2018-06-01 22:30:00,28,58,7
2018-06-01 23:30:00,29,48,6
2018-06-01 23:30:00,29,48,6
2018-06-01 23:30:00,29,48,6
2018-06-01 23:30:00,29,48,6
2018-06-02 00:30:00,29,51,4
2018-06-02 00:30:00,29,51,4
2018-06-02 00:30:00,29,51,4
2018-06-02 00:30:00,29,51,4
2018-06-02 01:30:00,28,54,3
2018-06-02 01:30:00,28,54,3
2018-06-02 01:30:00,28,54,3
2018-06-02 01:30:00,28,54,3
2018-06-02 02:30:00,28,54,4
2018-06-02 02:30:00,28,54,4
2018-06-02 02:30:00,28,54,4
2018-06-02 02:30:00,28,54,4
2018-06-02 03:30:00,28,54,2
2018-06-02 03:30:00,28,54,2
2018-06-02 03:30:00,28,54,2
2018-06-02 03:30:00,28,54,2
2018-06-02 04:30:00,28,54,3
2018-06-02 04:30:00,28,54,3
2018-06-02 04:30:00,28,54,3
2018-06-02 04:30:00,28,54,3
2018-06-02 05:30:00,28,48,2
2018-06-02 05:30:00,28,48,2
2018-06-02 05:30:00,28,48,2
2018-06-02 05:30:00,28,48,2
2018-06-02 06:30:00,27,51,2
2018-06-02 06:30:00,27,51,2
2018-06-02 06:30:00,27,51,2
2018-06-02 06:30:00,27,51,2
2018-06-02 07:30:00,28,48,3
2018-06-02 07:30:00,28,48,3
2018-06-02 07:30:00,28,48,3
2018-06-02 07:30:00,28,48,3
2018-06-02 08:30:00,29,45,4
2018-06-02 08:30:00,29,45,4
2018-06-02 08:30:00,29,45,4
2018-06-02 08:30:00,29,45,4
2018-06-02 09:30:00,31,40,4
2018-06-02 09:30:00,31,40,4
2018-06-02 09:30:00,31,40,4
2018-06-02 09:30:00,31,40,4
2018-06-02 10:30:00,32,38,5
2018-06-02 10:30:00,32,38,5
2018-06-02 10:30:00,32,38,5
2018-06-02 10:30:00,32,38,5
2018-06-02 11:30:00,34,34,4
2018-06-02 11:30:00,34,34,4
2018-06-02 11:30:00,34,34,4
2018-06-02 11:30:00,34,34,4
2018-06-02 12:30:00,35,34,4
2018-06-02 12:30:00,35,34,4
2018-06-02 12:30:00,35,34,4
2018-06-02 12:30:00,35,34,4
2018-06-02 13:30:00,35,34,5
2018-06-02 13:30:00,35,34,5
2018-06-02 13:30:00,35,34,5
2018-06-02 13:30:00,35,34,5
2018-06-02 14:30:00,36,32,4
2018-06-02 14:30:00,36,32,4
2018-06-02 14:30:00,36,32,4
2018-06-02 14:30:00,36,32,4
2018-06-02 15:30:00,37,32,6
2018-06-02 15:30:00,37,32,6
2018-06-02 15:30:00,37,32,6
2018-06-02 15:30:00,37,32,6
2018-06-02 16:30:00,37,32,5
2018-06-02 16:30:00,37,32,5
2018-06-02 16:30:00,37,32,5
2018-06-02 16:30:00,37,32,5
2018-06-02 17:30:00,38,35,3
2018-06-02 17:30:00,38,35,3
2018-06-02 17:30:00,38,35,3
2018-06-02 17:30:00,38,35,3
2018-06-02 18:30:00,37,37,5
2018-06-02 18:30:00,37,37,5
2018-06-02 18:30:00,37,37,5
2018-06-02 18:30:00,37,37,5
2018-06-02 19:30:00,37,37,5
2018-06-02 19:30:00,37,37,5
2018-06-02 19:30:00,37,37,5
2018-06-02 19:30:00,37,37,5
2018-06-02 20:30:00,35,44,5
2018-06-02 20:30:00,35,44,5
2018-06-02 20:30:00,35,44,5
2018-06-02 20:30:00,35,44,5
2018-06-02 21:30:00,34,49,4
2018-06-02 21:30:00,34,49,4
2018-06-02 21:30:00,34,49,4
2018-06-02 21:30:00,34,49,4
2018-06-02 22:30:00,33,52,4
2018-06-02 22:30:00,33,52,4
2018-06-02 22:30:00,33,52,4
2018-06-02 22:30:00,33,52,4
2018-06-02 23:30:00,32,49,5
2018-06-02 23:30:00,32,49,5
2018-06-02 23:30:00,32,49,5
2018-06-02 23:30:00,32,49,5
2018-06-03 00:30:00,31,52,5
2018-06-03 00:30:00,31,52,5
2018-06-03 00:30:00,31,52,5
2018-06-03 00:30:00,31,52,5
2018-06-03 01:30:00,31,52,5
2018-06-03 01:30:00,31,52,5
2018-06-03 01:30:00,31,52,5
2018-06-03 01:30:00,31,52,5
2018-06-03 02:30:00,30,55,5
2018-06-03 02:30:00,30,55,5
2018-06-03 02:30:00,30,55,5
2018-06-03 02:30:00,30,55,5
2018-06-03 03:30:00,30,55,5
2018-06-03 03:30:00,30,55,5
2018-06-03 03:30:00,30,55,5
2018-06-03 03:30:00,30,55,5
2018-06-03 04:30:00,29,58,4
2018-06-03 04:30:00,29,58,4
2018-06-03 04:30:00,29,58,4
2018-06-03 04:30:00,29,58,4
2018-06-03 05:30:00,29,58,4
2018-06-03 05:30:00,29,58,4
2018-06-03 05:30:00,29,58,4
2018-06-03 05:30:00,29,58,4
2018-06-03 06:30:00,28,65,4
2018-06-03 06:30:00,28,65,4
2018-06-03 06:30:00,28,65,4
2018-06-03 06:30:00,28,65,4
2018-06-03 07:30:00,28,69,4
2018-06-03 07:30:00,28,69,4
2018-06-03 07:30:00,28,69,4
2018-06-03 07:30:00,28,69,4
2018-06-03 08:30:00,30,58,5
2018-06-03 08:30:00,30,58,5
2018-06-03 08:30:00,30,58,5
2018-06-03 08:30:00,30,58,5
2018-06-03 09:30:00,30,66,4
2018-06-03 09:30:00,30,66,4
2018-06-03 09:30:00,30,66,4
2018-06-03 09:30:00,30,66,4
2018-06-03 10:30:00,32,59,4
2018-06-03 10:30:00,32,59,4
2018-06-03 10:30:00,32,59,4
2018-06-03 10:30:00,32,59,4
2018-06-03 11:30:00,34,56,3
2018-06-03 11:30:00,34,56,3
2018-06-03 11:30:00,34,56,3
2018-06-03 11:30:00,34,56,3
2018-06-03 12:30:00,38.423,39,3
2018-06-03 12:30:00,38.423,39,3
2018-06-03 12:30:00,38.423,39,3
2018-06-03 12:30:00,38.423,39,3
2018-06-03 13:30:00,37,47,4
2018-06-03 13:30:00,37,47,4
2018-06-03 13:30:00,37,47,4
2018-06-03 13:30:00,37,47,4
2018-06-03 14:30:00,38,42,4
2018-06-03 14:30:00,38,42,4
2018-06-03 14:30:00,38,42,4
2018-06-03 14:30:00,38,42,4
2018-06-03 15:30:00,39,37,3
2018-06-03 15:30:00,39,37,3
2018-06-03 15:30:00,39,37,3
2018-06-03 15:30:00,39,37,3
2018-06-03 16:30:00,40,35,2
2018-06-03 16:30:00,40,35,2
2018-06-03 16:30:00,40,35,2
2018-06-03 16:30:00,40,35,2
2018-06-03 17:30:00,41,34,3
2018-06-03 17:30:00,41,34,3
2018-06-03 17:30:00,41,34,3
2018-06-03 17:30:00,41,34,3
2018-06-03 18:30:00,40,35,2
2018-06-03 18:30:00,40,35,2
2018-06-03 18:30:00,40,35,2
2018-06-03 18:30:00,40,35,2
2018-06-03 19:30:00,39,35,4
2018-06-03 19:30:00,39,35,4
2018-06-03 19:30:00,39,35,4
2018-06-03 19:30:00,39,35,4
2018-06-03 20:30:00,38,37,4
2018-06-03 20:30:00,38,37,4
2018-06-03 20:30:00,38,37,4
2018-06-03 20:30:00,38,37,4
2018-06-03 21:30:00,36,41,4
2018-06-03 21:30:00,36,41,4
2018-06-03 21:30:00,36,41,4
2018-06-03 21:30:00,36,41,4
2018-06-03 22:30:00,35,44,4
2018-06-03 22:30:00,35,44,4
2018-06-03 22:30:00,35,44,4
2018-06-03 22:30:00,35,44,4
2018-06-03 23:30:00,35,47,5
2018-06-03 23:30:00,35,47,5
2018-06-03 23:30:00,35,47,5
2018-06-03 23:30:00,35,47,5
2018-06-04 00:30:00,34,49,4
2018-06-04 00:30:00,34,49,4
2018-06-04 00:30:00,34,49,4
2018-06-04 00:30:00,34,49,4
2018-06-04 01:30:00,33,52,4
2018-06-04 01:30:00,33,52,4
2018-06-04 01:30:00,33,52,4
2018-06-04 01:30:00,33,52,4
2018-06-04 02:30:00,33,52,4
2018-06-04 02:30:00,33,52,4
2018-06-04 02:30:00,33,52,4
2018-06-04 02:30:00,33,52,4
2018-06-04 03:30:00,32,55,3
2018-06-04 03:30:00,32,55,3
2018-06-04 03:30:00,32,55,3
2018-06-04 03:30:00,32,55,3
2018-06-04 04:30:00,32,55,4
2018-06-04 04:30:00,32,55,4
2018-06-04 04:30:00,32,55,4
2018-06-04 04:30:00,32,55,4
2018-06-04 05:30:00,32,52,4
2018-06-04 05:30:00,32,52,4
2018-06-04 05:30:00,32,52,4
2018-06-04 05:30:00,32,52,4
2018-06-04 06:30:00,32,52,4
2018-06-04 06:30:00,32,52,4
2018-06-04 06:30:00,32,52,4
2018-06-04 06:30:00,32,52,4
2018-06-04 07:30:00,32,52,4
2018-06-04 07:30:00,32,52,4
2018-06-04 07:30:00,32,52,4
2018-06-04 07:30:00,32,52,4
2018-06-04 08:30:00,33,49,2
2018-06-04 08:30:00,33,49,2
2018-06-04 08:30:00,33,49,2
2018-06-04 08:30:00,33,49,2
2018-06-04 09:30:00,33,49,2
2018-06-04 09:30:00,33,49,2
2018-06-04 09:30:00,33,49,2
2018-06-04 09:30:00,33,49,2
2018-06-04 10:30:00,36,41,2
2018-06-04 10:30:00,36,41,2
2018-06-04 10:30:00,36,41,2
2018-06-04 10:30:00,36,41,2
2018-06-04 11:30:00,37,39,2
2018-06-04 11:30:00,37,39,2
2018-06-04 11:30:00,37,39,2
2018-06-04 11:30:00,37,39,2
2018-06-04 12:30:00,38,37,4
2018-06-04 12:30:00,38,37,4
2018-06-04 12:30:00,38,37,4
2018-06-04 12:30:00,38,37,4
2018-06-04 13:30:00,40,35,5
2018-06-04 13:30:00,40,35,5
2018-06-04 13:30:00,40,35,5
2018-06-04 13:30:00,40,35,5
2018-06-04 14:30:00,41,34,4
2018-06-04 14:30:00,41,34,4
2018-06-04 14:30:00,41,34,4
2018-06-04 14:30:00,41,34,4
2018-06-04 15:30:00,42,30,3
2018-06-04 15:30:00,42,30,3
2018-06-04 15:30:00,42,30,3
2018-06-04 15:30:00,42,30,3
2018-06-04 16:30:00,42,30,4
2018-06-04 16:30:00,42,30,4
2018-06-04 16:30:00,42,30,4
2018-06-04 16:30:00,42,30,4
2018-06-04 17:30:00,42,30,4
2018-06-04 17:30:00,42,30,4
2018-06-04 17:30:00,42,30,4
2018-06-04 17:30:00,42,30,4
2018-06-04 18:30:00,41,32,5
2018-06-04 18:30:00,41,32,5
2018-06-04 18:30:00,41,32,5
2018-06-04 18:30:00,41,32,5
2018-06-04 19:30:00,40,33,2
2018-06-04 19:30:00,40,33,2
2018-06-04 19:30:00,40,33,2
2018-06-04 19:30:00,40,33,2
2018-06-04 20:30:00,38,39,3
2018-06-04 20:30:00,38,39,3
2018-06-04 20:30:00,38,39,3
2018-06-04 20:30:00,38,39,3
2018-06-04 21:30:00,37,44,4
2018-06-04 21:30:00,37,44,4
2018-06-04 21:30:00,37,44,4
2018-06-04 21:30:00,37,44,4
2018-06-04 22:30:00,36,47,6
2018-06-04 22:30:00,36,47,6
2018-06-04 22:30:00,36,47,6
2018-06-04 22:30:00,36,47,6
2018-06-04 23:30:00,35,47,6
2018-06-04 23:30:00,35,47,6
2018-06-04 23:30:00,35,47,6
2018-06-04 23:30:00,35,47,6
2018-06-05 00:30:00,35,47,6
2018-06-05 00:30:00,35,47,6
2018-06-05 00:30:00,35,47,6
2018-06-05 00:30:00,35,47,6
2018-06-05 01:30:00,34,49,5
2018-06-05 01:30:00,34,49,5
2018-06-05 01:30:00,34,49,5
2018-06-05 01:30:00,34,49,5
2018-06-05 02:30:00,34,49,5
2018-06-05 02:30:00,34,49,5
2018-06-05 02:30:00,34,49,5
2018-06-05 02:30:00,34,49,5
2018-06-05 03:30:00,33,52,4
2018-06-05 03:30:00,33,52,4
2018-06-05 03:30:00,33,52,4
2018-06-05 03:30:00,33,52,4
2018-06-05 04:30:00,33,52,5
2018-06-05 04:30:00,33,52,5
2018-06-05 04:30:00,33,52,5
2018-06-05 04:30:00,33,52,5
2018-06-05 05:30:00,33,55,4
2018-06-05 05:30:00,33,55,4
2018-06-05 05:30:00,33,55,4
2018-06-05 05:30:00,33,55,4
2018-06-05 06:30:00,32,59,5
2018-06-05 06:30:00,32,59,5
2018-06-05 06:30:00,32,59,5
2018-06-05 06:30:00,32,59,5
2018-06-05 07:30:00,32,59,5
2018-06-05 07:30:00,32,59,5
2018-06-05 07:30:00,32,59,5
2018-06-05 07:30:00,32,59,5
2018-06-05 08:30:00,34,49,5
2018-06-05 08:30:00,34,49,5
2018-06-05 08:30:00,34,49,5
2018-06-05 08:30:00,34,49,5
2018-06-05 09:30:00,34,49,5
2018-06-05 09:30:00,34,49,5
2018-06-05 09:30:00,34,49,5
2018-06-05 09:30:00,34,49,5
2018-06-05 10:30:00,36,44,3
2018-06-05 10:30:00,36,44,3
2018-06-05 10:30:00,36,44,3
2018-06-05 10:30:00,36,44,3
2018-06-05 11:30:00,38,39,3
2018-06-05 11:30:00,38,39,3
2018-06-05 11:30:00,38,39,3
2018-06-05 11:30:00,38,39,3
2018-06-05 12:30:00,38,39,4
2018-06-05 12:30:00,38,39,4
2018-06-05 12:30:00,38,39,4
2018-06-05 12:30:00,38,39,4
2018-06-05 13:30:00,39,37,2
2018-06-05 13:30:00,39,37,2
2018-06-05 13:30:00,39,37,2
2018-06-05 13:30:00,39,37,2
2018-06-05 14:30:00,40,35,2
2018-06-05 14:30:00,40,35,2
2018-06-05 14:30:00,40,35,2
2018-06-05 14:30:00,40,35,2
2018-06-05 15:30:00,40,33,4
2018-06-05 15:30:00,40,33,4
2018-06-05 15:30:00,40,33,4
2018-06-05 15:30:00,40,33,4
2018-06-05 16:30:00,41,30,5
2018-06-05 16:30:00,41,30,5
2018-06-05 16:30:00,41,30,5
2018-06-05 16:30:00,41,30,5
2018-06-05 17:30:00,40,31,4
2018-06-05 17:30:00,40,31,4
2018-06-05 17:30:00,40,31,4
2018-06-05 17:30:00,40,31,4
2018-06-05 18:30:00,40,31,5
2018-06-05 18:30:00,40,31,5
2018-06-05 18:30:00,40,31,5
2018-06-05 18:30:00,40,31,5
2018-06-05 19:30:00,39,35,5
2018-06-05 19:30:00,39,35,5
2018-06-05 19:30:00,39,35,5
2018-06-05 19:30:00,39,35,5
2018-06-05 20:30:00,38,37,6
2018-06-05 20:30:00,38,37,6
2018-06-05 20:30:00,38,37,6
2018-06-05 20:30:00,38,37,6
2018-06-05 21:30:00,38,39,5
2018-06-05 21:30:00,38,39,5
2018-06-05 21:30:00,38,39,5
2018-06-05 21:30:00,38,39,5
2018-06-05 22:30:00,37,42,4
2018-06-05 22:30:00,37,42,4
2018-06-05 22:30:00,37,42,4
2018-06-05 22:30:00,37,42,4
2018-06-05 23:30:00,37,47,5
2018-06-05 23:30:00,37,47,5
2018-06-05 23:30:00,37,47,5
2018-06-05 23:30:00,37,47,5
2018-06-06 00:30:00,35,53,5
2018-06-06 00:30:00,35,53,5
2018-06-06 00:30:00,35,53,5
2018-06-06 00:30:00,35,53,5
2018-06-06 01:30:00,35,53,5
2018-06-06 01:30:00,35,53,5
2018-06-06 01:30:00,35,53,5
2018-06-06 01:30:00,35,53,5
2018-06-06 02:30:00,34,56,6
2018-06-06 02:30:00,34,56,6
2018-06-06 02:30:00,34,56,6
2018-06-06 02:30:00,34,56,6
2018-06-06 03:30:00,34,56,5
2018-06-06 03:30:00,34,56,5
2018-06-06 03:30:00,34,56,5
2018-06-06 03:30:00,34,56,5
2018-06-06 04:30:00,34,56,5
2018-06-06 04:30:00,34,56,5
2018-06-06 04:30:00,34,56,5
2018-06-06 04:30:00,34,56,5
2018-06-06 05:30:00,32,59,3
2018-06-06 05:30:00,32,59,3
2018-06-06 05:30:00,32,59,3
2018-06-06 05:30:00,32,59,3
2018-06-06 06:30:00,30,62,4
2018-06-06 06:30:00,30,62,4
2018-06-06 06:30:00,30,62,4
2018-06-06 06:30:00,30,62,4
2018-06-06 07:30:00,29,70,2
2018-06-06 07:30:00,29,70,2
2018-06-06 07:30:00,29,70,2
2018-06-06 07:30:00,29,70,2
2018-06-06 08:30:00,31,58,5
2018-06-06 08:30:00,31,58,5
2018-06-06 08:30:00,31,58,5
2018-06-06 08:30:00,31,58,5
2018-06-06 09:30:00,32,55,5
2018-06-06 09:30:00,32,55,5
2018-06-06 09:30:00,32,55,5
2018-06-06 09:30:00,32,55,5
2018-06-06 10:30:00,33,46,5
2018-06-06 10:30:00,33,46,5
2018-06-06 10:30:00,33,46,5
2018-06-06 10:30:00,33,46,5
2018-06-06 11:30:00,34,46,4
2018-06-06 11:30:00,34,46,4
2018-06-06 11:30:00,34,46,4
2018-06-06 11:30:00,34,46,4
2018-06-06 12:30:00,35,44,4
2018-06-06 12:30:00,35,44,4
2018-06-06 12:30:00,35,44,4
2018-06-06 12:30:00,35,44,4
2018-06-06 13:30:00,35,47,4
2018-06-06 13:30:00,35,47,4
2018-06-06 13:30:00,35,47,4
2018-06-06 13:30:00,35,47,4
2018-06-06 14:30:00,35,47,5
2018-06-06 14:30:00,35,47,5
2018-06-06 14:30:00,35,47,5
2018-06-06 14:30:00,35,47,5
2018-06-06 15:30:00,37,47,5
2018-06-06 15:30:00,37,47,5
2018-06-06 15:30:00,37,47,5
2018-06-06 15:30:00,37,47,5
2018-06-06 16:30:00,37,50,4
2018-06-06 16:30:00,37,50,4
2018-06-06 16:30:00,37,50,4
2018-06-06 16:30:00,37,50,4
2018-06-06 17:30:00,37,50,5
2018-06-06 17:30:00,37,50,5
2018-06-06 17:30:00,37,50,5
2018-06-06 17:30:00,37,50,5
2018-06-06 18:30:00,36,50,3
2018-06-06 18:30:00,36,50,3
2018-06-06 18:30:00,36,50,3
2018-06-06 18:30:00,36,50,3
2018-06-06 19:30:00,35,53,3
2018-06-06 19:30:00,35,53,3
2018-06-06 19:30:00,35,53,3
2018-06-06 19:30:00,35,53,3
2018-06-06 20:30:00,35,56,3
2018-06-06 20:30:00,35,56,3
2018-06-06 20:30:00,35,56,3
2018-06-06 20:30:00,35,56,3
2018-06-06 21:30:00,34,59,3
2018-06-06 21:30:00,34,59,3
2018-06-06 21:30:00,34,59,3
2018-06-06 21:30:00,34,59,3
2018-06-06 22:30:00,33,63,3
2018-06-06 22:30:00,33,63,3
2018-06-06 22:30:00,33,63,3
2018-06-06 22:30:00,33,63,3
2018-06-06 23:30:00,32,66,2
2018-06-06 23:30:00,32,66,2
2018-06-06 23:30:00,32,66,2
2018-06-06 23:30:00,32,66,2
2018-06-07 00:30:00,32,66,3
2018-06-07 00:30:00,32,66,3
2018-06-07 00:30:00,32,66,3
2018-06-07 00:30:00,32,66,3
2018-06-07 01:30:00,32,66,2
2018-06-07 01:30:00,32,66,2
2018-06-07 01:30:00,32,66,2
2018-06-07 01:30:00,32,66,2
2018-06-07 02:30:00,31,70,2
2018-06-07 02:30:00,31,70,2
2018-06-07 02:30:00,31,70,2
2018-06-07 02:30:00,31,70,2
2018-06-07 03:30:00,31,70,2
2018-06-07 03:30:00,31,70,2
2018-06-07 03:30:00,31,70,2
2018-06-07 03:30:00,31,70,2
2018-06-07 04:30:00,31,70,2
2018-06-07 04:30:00,31,70,2
2018-06-07 04:30:00,31,70,2
2018-06-07 04:30:00,31,70,2
2018-06-07 05:30:00,31,66,3
2018-06-07 05:30:00,31,66,3
2018-06-07 05:30:00,31,66,3
2018-06-07 05:30:00,31,66,3
2018-06-07 06:30:00,30,66,2
2018-06-07 06:30:00,30,66,2
2018-06-07 06:30:00,30,66,2
2018-06-07 06:30:00,30,66,2
2018-06-07 07:30:00,31,62,3
2018-06-07 07:30:00,31,62,3
2018-06-07 07:30:00,31,62,3
2018-06-07 07:30:00,31,62,3
2018-06-07 08:30:00,33,59,3
2018-06-07 08:30:00,33,59,3
2018-06-07 08:30:00,33,59,3
2018-06-07 08:30:00,33,59,3
2018-06-07 09:30:00,34,52,3
2018-06-07 09:30:00,34,52,3
2018-06-07 09:30:00,34,52,3
2018-06-07 09:30:00,34,52,3
2018-06-07 10:30:00,36,44,3
2018-06-07 10:30:00,36,44,3
2018-06-07 10:30:00,36,44,3
2018-06-07 10:30:00,36,44,3
2018-06-07 11:30:00,38,42,3
2018-06-07 11:30:00,38,42,3
2018-06-07 11:30:00,38,42,3
2018-06-07 11:30:00,38,42,3
2018-06-07 12:30:00,39,40,3
2018-06-07 12:30:00,39,40,3
2018-06-07 12:30:00,39,40,3
2018-06-07 12:30:00,39,40,3
2018-06-07 13:30:00,40,38,3
2018-06-07 13:30:00,40,38,3
2018-06-07 13:30:00,40,38,3
2018-06-07 13:30:00,40,38,3
2018-06-07 14:30:00,40,38,3
2018-06-07 14:30:00,40,38,3
2018-06-07 14:30:00,40,38,3
2018-06-07 14:30:00,40,38,3
2018-06-07 15:30:00,41,36,2
2018-06-07 15:30:00,41,36,2
2018-06-07 15:30:00,41,36,2
2018-06-07 15:30:00,41,36,2
2018-06-07 16:30:00,42,34,2
2018-06-07 16:30:00,42,34,2
2018-06-07 16:30:00,42,34,2
2018-06-07 16:30:00,42,34,2
2018-06-07 17:30:00,42,34,2
2018-06-07 17:30:00,42,34,2
2018-06-07 17:30:00,42,34,2
2018-06-07 17:30:00,42,34,2
2018-06-07 18:30:00,42,34,2
2018-06-07 18:30:00,42,34,2
2018-06-07 18:30:00,42,34,2
2018-06-07 18:30:00,42,34,2
2018-06-07 19:30:00,41,36,3
2018-06-07 19:30:00,41,36,3
2018-06-07 19:30:00,41,36,3
2018-06-07 19:30:00,41,36,3
2018-06-07 20:30:00,40,40,3
2018-06-07 20:30:00,40,40,3
2018-06-07 20:30:00,40,40,3
2018-06-07 20:30:00,40,40,3
2018-06-07 21:30:00,38,37,2
2018-06-07 21:30:00,38,37,2
2018-06-07 21:30:00,38,37,2
2018-06-07 21:30:00,38,37,2
2018-06-07 22:30:00,37,42,3
2018-06-07 22:30:00,37,42,3
2018-06-07 22:30:00,37,42,3
2018-06-07 22:30:00,37,42,3
2018-06-07 23:30:00,36,50,4
2018-06-07 23:30:00,36,50,4
2018-06-07 23:30:00,36,50,4
2018-06-07 23:30:00,36,50,4
2018-06-08 00:30:00,35,53,3
2018-06-08 00:30:00,35,53,3
2018-06-08 00:30:00,35,53,3
2018-06-08 00:30:00,35,53,3
2018-06-08 01:30:00,35,53,4
2018-06-08 01:30:00,35,53,4
2018-06-08 01:30:00,35,53,4
2018-06-08 01:30:00,35,53,4
2018-06-08 02:30:00,34,56,4
2018-06-08 02:30:00,34,56,4
2018-06-08 02:30:00,34,56,4
2018-06-08 02:30:00,34,56,4
2018-06-08 03:30:00,34,56,3
2018-06-08 03:30:00,34,56,3
2018-06-08 03:30:00,34,56,3
2018-06-08 03:30:00,34,56,3
2018-06-08 04:30:00,34,52,3
2018-06-08 04:30:00,34,52,3
2018-06-08 04:30:00,34,52,3
2018-06-08 04:30:00,34,52,3
2018-06-08 05:30:00,34,52,2
2018-06-08 05:30:00,34,52,2
2018-06-08 05:30:00,34,52,2
2018-06-08 05:30:00,34,52,2
2018-06-08 06:30:00,34,56,4
2018-06-08 06:30:00,34,56,4
2018-06-08 06:30:00,34,56,4
2018-06-08 06:30:00,34,56,4
2018-06-08 07:30:00,34,52,3
2018-06-08 07:30:00,34,52,3
2018-06-08 07:30:00,34,52,3
2018-06-08 07:30:00,34,52,3
2018-06-08 08:30:00,35,50,3
2018-06-08 08:30:00,35,50,3
2018-06-08 08:30:00,35,50,3
2018-06-08 08:30:00,35,50,3
2018-06-08 09:30:00,37,47,4
2018-06-08 09:30:00,37,47,4
2018-06-08 09:30:00,37,47,4
2018-06-08 09:30:00,37,47,4
2018-06-08 10:30:00,38,45,5
2018-06-08 10:30:00,38,45,5
2018-06-08 10:30:00,38,45,5
2018-06-08 10:30:00,38,45,5
2018-06-08 11:30:00,38,42,2
2018-06-08 11:30:00,38,42,2
2018-06-08 11:30:00,38,42,2
2018-06-08 11:30:00,38,42,2
2018-06-08 12:30:00,39,37,4
2018-06-08 12:30:00,39,37,4
2018-06-08 12:30:00,39,37,4
2018-06-08 12:30:00,39,37,4
2018-06-08 13:30:00,40,35,4
2018-06-08 13:30:00,40,35,4
2018-06-08 13:30:00,40,35,4
2018-06-08 13:30:00,40,35,4
2018-06-08 14:30:00,41,36,4
2018-06-08 14:30:00,41,36,4
2018-06-08 14:30:00,41,36,4
2018-06-08 14:30:00,41,36,4
2018-06-08 15:30:00,40,40,5
2018-06-08 15:30:00,40,40,5
2018-06-08 15:30:00,40,40,5
2018-06-08 15:30:00,40,40,5
2018-06-08 16:30:00,39,45,5
2018-06-08 16:30:00,39,45,5
2018-06-08 16:30:00,39,45,5
2018-06-08 16:30:00,39,45,5
2018-06-08 17:30:00,38,47,5
2018-06-08 17:30:00,38,47,5
2018-06-08 17:30:00,38,47,5
2018-06-08 17:30:00,38,47,5
2018-06-08 18:30:00,37,47,4
2018-06-08 18:30:00,37,47,4
2018-06-08 18:30:00,37,47,4
2018-06-08 18:30:00,37,47,4
2018-06-08 19:30:00,37,47,5
2018-06-08 19:30:00,37,47,5
2018-06-08 19:30:00,37,47,5
2018-06-08 19:30:00,37,47,5
2018-06-08 20:30:00,36,56,5
2018-06-08 20:30:00,36,56,5
2018-06-08 20:30:00,36,56,5
2018-06-08 20:30:00,36,56,5
2018-06-08 21:30:00,36,56,5
2018-06-08 21:30:00,36,56,5
2018-06-08 21:30:00,36,56,5
2018-06-08 21:30:00,36,56,5
2018-06-08 22:30:00,36,56,5
2018-06-08 22:30:00,36,56,5
2018-06-08 22:30:00,36,56,5
2018-06-08 22:30:00,36,56,5
2018-06-08 23:30:00,34,56,5
2018-06-08 23:30:00,34,56,5
2018-06-08 23:30:00,34,56,5
2018-06-08 23:30:00,34,56,5
2018-06-09 00:30:00,34,56,5
2018-06-09 00:30:00,34,56,5
2018-06-09 00:30:00,34,56,5
2018-06-09 00:30:00,34,56,5
2018-06-09 01:30:00,33,59,4
2018-06-09 01:30:00,33,59,4
2018-06-09 01:30:00,33,59,4
2018-06-09 01:30:00,33,59,4
2018-06-09 02:30:00,33,59,6
2018-06-09 02:30:00,33,59,6
2018-06-09 02:30:00,33,59,6
2018-06-09 02:30:00,33,59,6
2018-06-09 03:30:00,32,62,5
2018-06-09 03:30:00,32,62,5
2018-06-09 03:30:00,32,62,5
2018-06-09 03:30:00,32,62,5
2018-06-09 04:30:00,32,62,5
2018-06-09 04:30:00,32,62,5
2018-06-09 04:30:00,32,62,5
2018-06-09 04:30:00,32,62,5
2018-06-09 05:30:00,32,66,4
2018-06-09 05:30:00,32,66,4
2018-06-09 05:30:00,32,66,4
2018-06-09 05:30:00,32,66,4
2018-06-09 06:30:00,31,74,5
2018-06-09 06:30:00,31,74,5
2018-06-09 06:30:00,31,74,5
2018-06-09 06:30:00,31,74,5
2018-06-09 07:30:00,31,74,5
2018-06-09 07:30:00,31,74,5
2018-06-09 07:30:00,31,74,5
2018-06-09 07:30:00,31,74,5
2018-06-09 08:30:00,32,70,5
2018-06-09 08:30:00,32,70,5
2018-06-09 08:30:00,32,70,5
2018-06-09 08:30:00,32,70,5
2018-06-09 09:30:00,33,66,5
2018-06-09 09:30:00,33,66,5
2018-06-09 09:30:00,33,66,5
2018-06-09 09:30:00,33,66,5
2018-06-09 10:30:00,34,63,5
2018-06-09 10:30:00,34,63,5
2018-06-09 10:30:00,34,63,5
2018-06-09 10:30:00,34,63,5
2018-06-09 11:30:00,35,59,4
2018-06-09 11:30:00,35,59,4
2018-06-09 11:30:00,35,59,4
2018-06-09 11:30:00,35,59,4
2018-06-09 12:30:00,37,50,3
2018-06-09 12:30:00,37,50,3
2018-06-09 12:30:00,37,50,3
2018-06-09 12:30:00,37,50,3
2018-06-09 13:30:00,38,45,3
2018-06-09 13:30:00,38,45,3
2018-06-09 13:30:00,38,45,3
2018-06-09 13:30:00,38,45,3
2018-06-09 14:30:00,38,45,3
2018-06-09 14:30:00,38,45,3
2018-06-09 14:30:00,38,45,3
2018-06-09 14:30:00,38,45,3
2018-06-09 15:30:00,39,42,4
2018-06-09 15:30:00,39,42,4
2018-06-09 15:30:00,39,42,4
2018-06-09 15:30:00,39,42,4
2018-06-09 16:30:00,38,47,5
2018-06-09 16:30:00,38,47,5
2018-06-09 16:30:00,38,47,5
2018-06-09 16:30:00,38,47,5
2018-06-09 17:30:00,36,53,4
2018-06-09 17:30:00,36,53,4
2018-06-09 17:30:00,36,53,4
2018-06-09 17:30:00,36,53,4
2018-06-09 18:30:00,34,59,15
2018-06-09 18:30:00,34,59,15
2018-06-09 18:30:00,34,59,15
2018-06-09 18:30:00,34,59,15
2018-06-09 19:30:00,31.725,63,4
2018-06-09 19:30:00,31.725,63,4
2018-06-09 19:30:00,31.725,63,4
2018-06-09 19:30:00,31.725,63,4
2018-06-09 20:30:00,31.725,63,4
2018-06-09 20:30:00,31.725,63,4
2018-06-09 20:30:00,31.725,63,4
2018-06-09 20:30:00,31.725,63,4
2018-06-09 21:30:00,31.725,63,4
2018-06-09 21:30:00,31.725,63,4
2018-06-09 21:30:00,31.725,63,4
2018-06-09 21:30:00,31.725,63,4
2018-06-09 22:30:00,27,88,2
2018-06-09 22:30:00,27,88,2
2018-06-09 22:30:00,27,88,2
2018-06-09 22:30:00,27,88,2
2018-06-09 23:30:00,27,83,4
2018-06-09 23:30:00,27,83,4
2018-06-09 23:30:00,27,83,4
